trade_date,symbol,close_price
2021-01-04,BZ=F,51.09
2021-01-05,BZ=F,53.6
2021-01-06,BZ=F,54.3
2021-01-07,BZ=F,54.38
2021-01-08,BZ=F,55.99
2021-01-11,BZ=F,55.66
2021-01-12,BZ=F,56.58
2021-01-13,BZ=F,56.06
2021-01-14,BZ=F,56.42
2021-01-15,BZ=F,55.1
2021-01-19,BZ=F,55.9
2021-01-20,BZ=F,56.08
2021-01-21,BZ=F,56.1
2021-01-22,BZ=F,55.41
2021-01-25,BZ=F,55.88
2021-01-26,BZ=F,55.91
2021-01-27,BZ=F,55.81
2021-01-28,BZ=F,55.53
2021-01-29,BZ=F,55.88
2021-02-01,BZ=F,56.35
2021-02-02,BZ=F,57.46
2021-02-03,BZ=F,58.46
2021-02-04,BZ=F,58.84
2021-02-05,BZ=F,59.34
2021-02-08,BZ=F,60.56
2021-02-09,BZ=F,61.09
2021-02-10,BZ=F,61.47
2021-02-11,BZ=F,61.14
2021-02-12,BZ=F,62.43
2021-02-16,BZ=F,63.35
2021-02-17,BZ=F,64.34
2021-02-18,BZ=F,63.93
2021-02-19,BZ=F,62.91
2021-02-22,BZ=F,65.24
2021-02-23,BZ=F,65.37
2021-02-24,BZ=F,67.04
2021-02-25,BZ=F,66.88
2021-02-26,BZ=F,66.13
2021-03-01,BZ=F,63.69
2021-03-02,BZ=F,62.7
2021-03-03,BZ=F,64.07
2021-03-04,BZ=F,66.74
2021-03-05,BZ=F,69.36
2021-03-08,BZ=F,68.24
2021-03-09,BZ=F,67.52
2021-03-10,BZ=F,67.9
2021-03-11,BZ=F,69.63
2021-03-12,BZ=F,69.22
2021-03-15,BZ=F,68.88
2021-03-16,BZ=F,68.39
2021-03-17,BZ=F,68.0
2021-03-18,BZ=F,63.28
2021-03-19,BZ=F,64.53
2021-03-22,BZ=F,64.62
2021-03-23,BZ=F,60.79
2021-03-24,BZ=F,64.41
2021-03-25,BZ=F,61.95
2021-03-26,BZ=F,64.57
2021-03-29,BZ=F,64.98
2021-03-30,BZ=F,64.14
2021-03-31,BZ=F,63.54
2021-04-01,BZ=F,64.86
2021-04-05,BZ=F,62.15
2021-04-06,BZ=F,62.74
2021-04-07,BZ=F,63.16
2021-04-08,BZ=F,63.2
2021-04-09,BZ=F,62.95
2021-04-12,BZ=F,63.28
2021-04-13,BZ=F,63.67
2021-04-14,BZ=F,66.58
2021-04-15,BZ=F,66.94
2021-04-16,BZ=F,66.77
2021-04-19,BZ=F,67.05
2021-04-20,BZ=F,66.57
2021-04-21,BZ=F,65.32
2021-04-22,BZ=F,65.4
2021-04-23,BZ=F,66.11
2021-04-26,BZ=F,65.65
2021-04-27,BZ=F,66.42
2021-04-28,BZ=F,67.27
2021-04-29,BZ=F,68.56
2021-04-30,BZ=F,67.25
2021-05-03,BZ=F,67.56
2021-05-04,BZ=F,68.88
2021-05-05,BZ=F,68.96
2021-05-06,BZ=F,68.09
2021-05-07,BZ=F,68.28
2021-05-10,BZ=F,68.32
2021-05-11,BZ=F,68.55
2021-05-12,BZ=F,69.32
2021-05-13,BZ=F,67.05
2021-05-14,BZ=F,68.71
2021-05-17,BZ=F,69.46
2021-05-18,BZ=F,68.71
2021-05-19,BZ=F,66.66
2021-05-20,BZ=F,65.11
2021-05-21,BZ=F,66.44
2021-05-24,BZ=F,68.46
2021-05-25,BZ=F,68.65
2021-05-26,BZ=F,68.87
2021-05-27,BZ=F,69.46
2021-05-28,BZ=F,69.63
2021-06-01,BZ=F,70.25
2021-06-02,BZ=F,71.35
2021-06-03,BZ=F,71.31
2021-06-04,BZ=F,71.89
2021-06-07,BZ=F,71.49
2021-06-08,BZ=F,72.22
2021-06-09,BZ=F,72.22
2021-06-10,BZ=F,72.52
2021-06-11,BZ=F,72.69
2021-06-14,BZ=F,72.86
2021-06-15,BZ=F,73.99
2021-06-16,BZ=F,74.39
2021-06-17,BZ=F,73.08
2021-06-18,BZ=F,73.51
2021-06-21,BZ=F,74.9
2021-06-22,BZ=F,74.81
2021-06-23,BZ=F,75.19
2021-06-24,BZ=F,75.56
2021-06-25,BZ=F,76.18
2021-06-28,BZ=F,74.68
2021-06-29,BZ=F,74.76
2021-06-30,BZ=F,75.13
2021-07-01,BZ=F,75.84
2021-07-02,BZ=F,76.17
2021-07-06,BZ=F,74.53
2021-07-07,BZ=F,73.43
2021-07-08,BZ=F,74.12
2021-07-09,BZ=F,75.55
2021-07-12,BZ=F,75.16
2021-07-13,BZ=F,76.49
2021-07-14,BZ=F,74.76
2021-07-15,BZ=F,73.47
2021-07-16,BZ=F,73.59
2021-07-19,BZ=F,68.62
2021-07-20,BZ=F,69.35
2021-07-21,BZ=F,72.23
2021-07-22,BZ=F,73.79
2021-07-23,BZ=F,74.1
2021-07-26,BZ=F,74.5
2021-07-27,BZ=F,74.48
2021-07-28,BZ=F,74.74
2021-07-29,BZ=F,76.05
2021-07-30,BZ=F,76.33
2021-08-02,BZ=F,72.89
2021-08-03,BZ=F,72.41
2021-08-04,BZ=F,70.38
2021-08-05,BZ=F,71.29
2021-08-06,BZ=F,70.7
2021-08-09,BZ=F,69.04
2021-08-10,BZ=F,70.63
2021-08-11,BZ=F,71.44
2021-08-12,BZ=F,71.31
2021-08-13,BZ=F,70.59
2021-08-16,BZ=F,69.51
2021-08-17,BZ=F,69.03
2021-08-18,BZ=F,68.23
2021-08-19,BZ=F,66.45
2021-08-20,BZ=F,65.18
2021-08-23,BZ=F,68.75
2021-08-24,BZ=F,71.05
2021-08-25,BZ=F,72.25
2021-08-26,BZ=F,71.07
2021-08-27,BZ=F,72.7
2021-08-30,BZ=F,73.41
2021-08-31,BZ=F,72.99
2021-09-01,BZ=F,71.59
2021-09-02,BZ=F,73.03
2021-09-03,BZ=F,72.61
2021-09-07,BZ=F,71.69
2021-09-08,BZ=F,72.6
2021-09-09,BZ=F,71.45
2021-09-10,BZ=F,72.92
2021-09-13,BZ=F,73.51
2021-09-14,BZ=F,73.6
2021-09-15,BZ=F,75.46
2021-09-16,BZ=F,75.67
2021-09-17,BZ=F,75.34
2021-09-20,BZ=F,73.92
2021-09-21,BZ=F,74.36
2021-09-22,BZ=F,76.19
2021-09-23,BZ=F,77.25
2021-09-24,BZ=F,78.09
2021-09-27,BZ=F,79.53
2021-09-28,BZ=F,79.09
2021-09-29,BZ=F,78.64
2021-09-30,BZ=F,78.52
2021-10-01,BZ=F,79.28
2021-10-04,BZ=F,81.26
2021-10-05,BZ=F,82.56
2021-10-06,BZ=F,81.08
2021-10-07,BZ=F,81.95
2021-10-08,BZ=F,82.39
2021-10-11,BZ=F,83.65
2021-10-12,BZ=F,83.42
2021-10-13,BZ=F,83.18
2021-10-14,BZ=F,84.0
2021-10-15,BZ=F,84.86
2021-10-18,BZ=F,84.33
2021-10-19,BZ=F,85.08
2021-10-20,BZ=F,85.82
2021-10-21,BZ=F,84.61
2021-10-22,BZ=F,85.53
2021-10-25,BZ=F,85.99
2021-10-26,BZ=F,86.4
2021-10-27,BZ=F,84.58
2021-10-28,BZ=F,84.32
2021-10-29,BZ=F,84.38
2021-11-01,BZ=F,84.71
2021-11-02,BZ=F,84.72
2021-11-03,BZ=F,81.99
2021-11-04,BZ=F,80.54
2021-11-05,BZ=F,82.74
2021-11-08,BZ=F,83.43
2021-11-09,BZ=F,84.78
2021-11-10,BZ=F,82.64
2021-11-11,BZ=F,82.87
2021-11-12,BZ=F,82.17
2021-11-15,BZ=F,82.05
2021-11-16,BZ=F,82.43
2021-11-17,BZ=F,80.28
2021-11-18,BZ=F,81.24
2021-11-19,BZ=F,78.89
2021-11-22,BZ=F,79.7
2021-11-23,BZ=F,82.31
2021-11-24,BZ=F,82.25
2021-11-26,BZ=F,72.72
2021-11-29,BZ=F,73.44
2021-11-30,BZ=F,70.57
2021-12-01,BZ=F,68.87
2021-12-02,BZ=F,69.67
2021-12-03,BZ=F,69.88
2021-12-06,BZ=F,73.08
2021-12-07,BZ=F,75.44
2021-12-08,BZ=F,75.82
2021-12-09,BZ=F,74.42
2021-12-10,BZ=F,75.15
2021-12-13,BZ=F,74.39
2021-12-14,BZ=F,73.7
2021-12-15,BZ=F,73.88
2021-12-16,BZ=F,75.02
2021-12-17,BZ=F,73.52
2021-12-20,BZ=F,71.52
2021-12-21,BZ=F,73.98
2021-12-22,BZ=F,75.29
2021-12-23,BZ=F,76.85
2021-12-27,BZ=F,78.6
2021-12-28,BZ=F,78.94
2021-12-29,BZ=F,79.23
2021-12-30,BZ=F,79.32
2021-12-31,BZ=F,77.78
2022-01-03,BZ=F,78.98
2022-01-04,BZ=F,80.0
2022-01-05,BZ=F,80.8
2022-01-06,BZ=F,81.99
2022-01-07,BZ=F,81.75
2022-01-10,BZ=F,80.87
2022-01-11,BZ=F,83.72
2022-01-12,BZ=F,84.67
2022-01-13,BZ=F,84.47
2022-01-14,BZ=F,86.06
2022-01-18,BZ=F,87.51
2022-01-19,BZ=F,88.44
2022-01-20,BZ=F,88.38
2022-01-21,BZ=F,87.89
2022-01-24,BZ=F,86.27
2022-01-25,BZ=F,88.2
2022-01-26,BZ=F,89.96
2022-01-27,BZ=F,89.34
2022-01-28,BZ=F,90.03
2022-01-31,BZ=F,91.21
2022-02-01,BZ=F,89.16
2022-02-02,BZ=F,89.47
2022-02-03,BZ=F,91.11
2022-02-04,BZ=F,93.27
2022-02-07,BZ=F,92.69
2022-02-08,BZ=F,90.78
2022-02-09,BZ=F,91.55
2022-02-10,BZ=F,91.41
2022-02-11,BZ=F,94.44
2022-02-14,BZ=F,96.48
2022-02-15,BZ=F,93.28
2022-02-16,BZ=F,94.81
2022-02-17,BZ=F,92.97
2022-02-18,BZ=F,93.54
2022-02-22,BZ=F,96.84
2022-02-23,BZ=F,96.84
2022-02-24,BZ=F,99.08
2022-02-25,BZ=F,97.93
2022-02-28,BZ=F,100.99
2022-03-01,BZ=F,104.97
2022-03-02,BZ=F,112.93
2022-03-03,BZ=F,110.46
2022-03-04,BZ=F,118.11
2022-03-07,BZ=F,123.21
2022-03-08,BZ=F,127.98
2022-03-09,BZ=F,111.14
2022-03-10,BZ=F,109.33
2022-03-11,BZ=F,112.67
2022-03-14,BZ=F,106.9
2022-03-15,BZ=F,99.91
2022-03-16,BZ=F,98.02
2022-03-17,BZ=F,106.64
2022-03-18,BZ=F,107.93
2022-03-21,BZ=F,115.62
2022-03-22,BZ=F,115.48
2022-03-23,BZ=F,121.6
2022-03-24,BZ=F,119.03
2022-03-25,BZ=F,120.65
2022-03-28,BZ=F,112.48
2022-03-29,BZ=F,110.23
2022-03-30,BZ=F,113.45
2022-03-31,BZ=F,107.91
2022-04-01,BZ=F,104.39
2022-04-04,BZ=F,107.53
2022-04-05,BZ=F,106.64
2022-04-06,BZ=F,101.07
2022-04-07,BZ=F,100.58
2022-04-08,BZ=F,102.78
2022-04-11,BZ=F,98.48
2022-04-12,BZ=F,104.64
2022-04-13,BZ=F,108.78
2022-04-14,BZ=F,111.7
2022-04-18,BZ=F,113.16
2022-04-19,BZ=F,107.25
2022-04-20,BZ=F,106.8
2022-04-21,BZ=F,108.33
2022-04-22,BZ=F,106.65
2022-04-25,BZ=F,102.32
2022-04-26,BZ=F,104.99
2022-04-27,BZ=F,105.32
2022-04-28,BZ=F,107.59
2022-04-29,BZ=F,109.34
2022-05-02,BZ=F,107.58
2022-05-03,BZ=F,104.97
2022-05-04,BZ=F,110.14
2022-05-05,BZ=F,110.9
2022-05-06,BZ=F,112.39
2022-05-09,BZ=F,105.94
2022-05-10,BZ=F,102.46
2022-05-11,BZ=F,107.51
2022-05-12,BZ=F,107.45
2022-05-13,BZ=F,111.55
2022-05-16,BZ=F,114.24
2022-05-17,BZ=F,111.93
2022-05-18,BZ=F,109.11
2022-05-19,BZ=F,112.04
2022-05-20,BZ=F,112.55
2022-05-23,BZ=F,113.42
2022-05-24,BZ=F,113.56
2022-05-25,BZ=F,114.03
2022-05-26,BZ=F,117.4
2022-05-27,BZ=F,119.43
2022-05-31,BZ=F,122.84
2022-06-01,BZ=F,116.29
2022-06-02,BZ=F,117.61
2022-06-03,BZ=F,119.72
2022-06-06,BZ=F,119.51
2022-06-07,BZ=F,120.57
2022-06-08,BZ=F,123.58
2022-06-09,BZ=F,123.07
2022-06-10,BZ=F,122.01
2022-06-13,BZ=F,122.27
2022-06-14,BZ=F,121.17
2022-06-15,BZ=F,118.51
2022-06-16,BZ=F,119.81
2022-06-17,BZ=F,113.12
2022-06-21,BZ=F,114.65
2022-06-22,BZ=F,111.74
2022-06-23,BZ=F,110.05
2022-06-24,BZ=F,113.12
2022-06-27,BZ=F,115.09
2022-06-28,BZ=F,117.98
2022-06-29,BZ=F,116.26
2022-06-30,BZ=F,114.81
2022-07-01,BZ=F,111.63
2022-07-05,BZ=F,102.77
2022-07-06,BZ=F,100.69
2022-07-07,BZ=F,104.65
2022-07-08,BZ=F,107.02
2022-07-11,BZ=F,107.1
2022-07-12,BZ=F,99.49
2022-07-13,BZ=F,99.57
2022-07-14,BZ=F,99.1
2022-07-15,BZ=F,101.16
2022-07-18,BZ=F,106.27
2022-07-19,BZ=F,107.35
2022-07-20,BZ=F,106.92
2022-07-21,BZ=F,103.86
2022-07-22,BZ=F,103.2
2022-07-25,BZ=F,105.15
2022-07-26,BZ=F,104.4
2022-07-27,BZ=F,106.62
2022-07-28,BZ=F,107.14
2022-07-29,BZ=F,110.01
2022-08-01,BZ=F,100.03
2022-08-02,BZ=F,100.54
2022-08-03,BZ=F,96.78
2022-08-04,BZ=F,94.12
2022-08-05,BZ=F,94.92
2022-08-08,BZ=F,96.65
2022-08-09,BZ=F,96.31
2022-08-10,BZ=F,97.4
2022-08-11,BZ=F,99.6
2022-08-12,BZ=F,98.15
2022-08-15,BZ=F,95.1
2022-08-16,BZ=F,92.34
2022-08-17,BZ=F,93.65
2022-08-18,BZ=F,96.59
2022-08-19,BZ=F,96.72
2022-08-22,BZ=F,96.48
2022-08-23,BZ=F,100.22
2022-08-24,BZ=F,101.22
2022-08-25,BZ=F,99.34
2022-08-26,BZ=F,100.99
2022-08-29,BZ=F,105.09
2022-08-30,BZ=F,99.31
2022-08-31,BZ=F,96.49
2022-09-01,BZ=F,92.36
2022-09-02,BZ=F,93.02
2022-09-06,BZ=F,92.83
2022-09-07,BZ=F,88.0
2022-09-08,BZ=F,89.15
2022-09-09,BZ=F,92.84
2022-09-12,BZ=F,94.0
2022-09-13,BZ=F,93.17
2022-09-14,BZ=F,94.1
2022-09-15,BZ=F,90.84
2022-09-16,BZ=F,91.35
2022-09-19,BZ=F,92.0
2022-09-20,BZ=F,90.62
2022-09-21,BZ=F,89.83
2022-09-22,BZ=F,90.46
2022-09-23,BZ=F,86.15
2022-09-26,BZ=F,84.06
2022-09-27,BZ=F,86.27
2022-09-28,BZ=F,89.32
2022-09-29,BZ=F,88.49
2022-09-30,BZ=F,87.96
2022-10-03,BZ=F,88.86
2022-10-04,BZ=F,91.8
2022-10-05,BZ=F,93.37
2022-10-06,BZ=F,94.42
2022-10-07,BZ=F,97.92
2022-10-10,BZ=F,96.19
2022-10-11,BZ=F,94.29
2022-10-12,BZ=F,92.45
2022-10-13,BZ=F,94.57
2022-10-14,BZ=F,91.63
2022-10-17,BZ=F,91.62
2022-10-18,BZ=F,90.03
2022-10-19,BZ=F,92.41
2022-10-20,BZ=F,92.38
2022-10-21,BZ=F,93.5
2022-10-24,BZ=F,93.26
2022-10-25,BZ=F,93.52
2022-10-26,BZ=F,95.69
2022-10-27,BZ=F,96.96
2022-10-28,BZ=F,95.77
2022-10-31,BZ=F,94.83
2022-11-01,BZ=F,94.65
2022-11-02,BZ=F,96.16
2022-11-03,BZ=F,94.67
2022-11-04,BZ=F,98.57
2022-11-07,BZ=F,97.92
2022-11-08,BZ=F,95.36
2022-11-09,BZ=F,92.65
2022-11-10,BZ=F,93.67
2022-11-11,BZ=F,95.99
2022-11-14,BZ=F,93.14
2022-11-15,BZ=F,93.86
2022-11-16,BZ=F,92.86
2022-11-17,BZ=F,89.78
2022-11-18,BZ=F,87.62
2022-11-21,BZ=F,87.45
2022-11-22,BZ=F,88.36
2022-11-23,BZ=F,85.41
2022-11-25,BZ=F,83.63
2022-11-28,BZ=F,83.19
2022-11-29,BZ=F,83.03
2022-11-30,BZ=F,85.43
2022-12-01,BZ=F,86.88
2022-12-02,BZ=F,85.57
2022-12-05,BZ=F,82.68
2022-12-06,BZ=F,79.35
2022-12-07,BZ=F,77.17
2022-12-08,BZ=F,76.15
2022-12-09,BZ=F,76.1
2022-12-12,BZ=F,77.99
2022-12-13,BZ=F,80.68
2022-12-14,BZ=F,82.7
2022-12-15,BZ=F,81.21
2022-12-16,BZ=F,79.04
2022-12-19,BZ=F,79.8
2022-12-20,BZ=F,79.99
2022-12-21,BZ=F,82.2
2022-12-22,BZ=F,80.98
2022-12-23,BZ=F,83.92
2022-12-27,BZ=F,84.33
2022-12-28,BZ=F,83.26
2022-12-29,BZ=F,82.26
2022-12-30,BZ=F,85.91
2023-01-03,BZ=F,82.1
2023-01-04,BZ=F,77.84
2023-01-05,BZ=F,78.69
2023-01-06,BZ=F,78.57
2023-01-09,BZ=F,79.65
2023-01-10,BZ=F,80.1
2023-01-11,BZ=F,82.67
2023-01-12,BZ=F,84.03
2023-01-13,BZ=F,85.28
2023-01-17,BZ=F,85.92
2023-01-18,BZ=F,84.98
2023-01-19,BZ=F,86.16
2023-01-20,BZ=F,87.63
2023-01-23,BZ=F,88.19
2023-01-24,BZ=F,86.13
2023-01-25,BZ=F,86.12
2023-01-26,BZ=F,87.47
2023-01-27,BZ=F,86.66
2023-01-30,BZ=F,84.9
2023-01-31,BZ=F,84.49
2023-02-01,BZ=F,82.84
2023-02-02,BZ=F,82.17
2023-02-03,BZ=F,79.94
2023-02-06,BZ=F,80.99
2023-02-07,BZ=F,83.69
2023-02-08,BZ=F,85.09
2023-02-09,BZ=F,84.5
2023-02-10,BZ=F,86.39
2023-02-13,BZ=F,86.61
2023-02-14,BZ=F,85.58
2023-02-15,BZ=F,85.38
2023-02-16,BZ=F,85.14
2023-02-17,BZ=F,83.0
2023-02-21,BZ=F,83.05
2023-02-22,BZ=F,80.6
2023-02-23,BZ=F,82.21
2023-02-24,BZ=F,83.16
2023-02-27,BZ=F,82.45
2023-02-28,BZ=F,83.89
2023-03-01,BZ=F,84.31
2023-03-02,BZ=F,84.75
2023-03-03,BZ=F,85.83
2023-03-06,BZ=F,86.18
2023-03-07,BZ=F,83.29
2023-03-08,BZ=F,82.66
2023-03-09,BZ=F,81.59
2023-03-10,BZ=F,82.78
2023-03-13,BZ=F,80.77
2023-03-14,BZ=F,77.45
2023-03-15,BZ=F,73.69
2023-03-16,BZ=F,74.7
2023-03-17,BZ=F,72.97
2023-03-20,BZ=F,73.79
2023-03-21,BZ=F,75.32
2023-03-22,BZ=F,76.69
2023-03-23,BZ=F,75.91
2023-03-24,BZ=F,74.99
2023-03-27,BZ=F,78.12
2023-03-28,BZ=F,78.65
2023-03-29,BZ=F,78.28
2023-03-30,BZ=F,79.27
2023-03-31,BZ=F,79.77
2023-04-03,BZ=F,84.93
2023-04-04,BZ=F,84.94
2023-04-05,BZ=F,84.99
2023-04-06,BZ=F,85.12
2023-04-10,BZ=F,84.18
2023-04-11,BZ=F,85.61
2023-04-12,BZ=F,87.33
2023-04-13,BZ=F,86.09
2023-04-14,BZ=F,86.31
2023-04-17,BZ=F,84.76
2023-04-18,BZ=F,84.77
2023-04-19,BZ=F,83.12
2023-04-20,BZ=F,81.1
2023-04-21,BZ=F,81.66
2023-04-24,BZ=F,82.73
2023-04-25,BZ=F,80.77
2023-04-26,BZ=F,77.69
2023-04-27,BZ=F,78.37
2023-04-28,BZ=F,79.54
2023-05-01,BZ=F,79.31
2023-05-02,BZ=F,75.32
2023-05-03,BZ=F,72.33
2023-05-04,BZ=F,72.5
2023-05-05,BZ=F,75.3
2023-05-08,BZ=F,77.01
2023-05-09,BZ=F,77.44
2023-05-10,BZ=F,76.41
2023-05-11,BZ=F,74.98
2023-05-12,BZ=F,74.17
2023-05-15,BZ=F,75.23
2023-05-16,BZ=F,74.91
2023-05-17,BZ=F,76.96
2023-05-18,BZ=F,75.86
2023-05-19,BZ=F,75.58
2023-05-22,BZ=F,75.99
2023-05-23,BZ=F,76.84
2023-05-24,BZ=F,78.36
2023-05-25,BZ=F,76.26
2023-05-26,BZ=F,76.95
2023-05-30,BZ=F,73.54
2023-05-31,BZ=F,72.66
2023-06-01,BZ=F,74.28
2023-06-02,BZ=F,76.13
2023-06-05,BZ=F,76.71
2023-06-06,BZ=F,76.29
2023-06-07,BZ=F,76.95
2023-06-08,BZ=F,75.96
2023-06-09,BZ=F,74.79
2023-06-12,BZ=F,71.84
2023-06-13,BZ=F,74.29
2023-06-14,BZ=F,73.2
2023-06-15,BZ=F,75.67
2023-06-16,BZ=F,76.61
2023-06-20,BZ=F,75.9
2023-06-21,BZ=F,77.12
2023-06-22,BZ=F,74.14
2023-06-23,BZ=F,73.85
2023-06-26,BZ=F,74.18
2023-06-27,BZ=F,72.26
2023-06-28,BZ=F,74.03
2023-06-29,BZ=F,74.34
2023-06-30,BZ=F,74.9
2023-07-03,BZ=F,74.65
2023-07-05,BZ=F,76.65
2023-07-06,BZ=F,76.52
2023-07-07,BZ=F,78.47
2023-07-10,BZ=F,77.69
2023-07-11,BZ=F,79.4
2023-07-12,BZ=F,80.11
2023-07-13,BZ=F,81.36
2023-07-14,BZ=F,79.87
2023-07-17,BZ=F,78.5
2023-07-18,BZ=F,79.63
2023-07-19,BZ=F,79.46
2023-07-20,BZ=F,79.64
2023-07-21,BZ=F,81.07
2023-07-24,BZ=F,82.74
2023-07-25,BZ=F,83.64
2023-07-26,BZ=F,82.92
2023-07-27,BZ=F,84.24
2023-07-28,BZ=F,84.99
2023-07-31,BZ=F,85.56
2023-08-01,BZ=F,84.91
2023-08-02,BZ=F,83.2
2023-08-03,BZ=F,85.14
2023-08-04,BZ=F,86.24
2023-08-07,BZ=F,85.34
2023-08-08,BZ=F,86.17
2023-08-09,BZ=F,87.55
2023-08-10,BZ=F,86.4
2023-08-11,BZ=F,86.81
2023-08-14,BZ=F,86.21
2023-08-15,BZ=F,84.89
2023-08-16,BZ=F,83.45
2023-08-17,BZ=F,84.12
2023-08-18,BZ=F,84.8
2023-08-21,BZ=F,84.46
2023-08-22,BZ=F,84.03
2023-08-23,BZ=F,83.21
2023-08-24,BZ=F,83.36
2023-08-25,BZ=F,84.48
2023-08-28,BZ=F,84.42
2023-08-29,BZ=F,85.49
2023-08-30,BZ=F,85.86
2023-08-31,BZ=F,86.86
2023-09-01,BZ=F,88.55
2023-09-05,BZ=F,90.04
2023-09-06,BZ=F,90.6
2023-09-07,BZ=F,89.92
2023-09-08,BZ=F,90.65
2023-09-11,BZ=F,90.64
2023-09-12,BZ=F,92.06
2023-09-13,BZ=F,91.88
2023-09-14,BZ=F,93.7
2023-09-15,BZ=F,93.93
2023-09-18,BZ=F,94.43
2023-09-19,BZ=F,94.34
2023-09-20,BZ=F,93.53
2023-09-21,BZ=F,93.3
2023-09-22,BZ=F,93.27
2023-09-25,BZ=F,93.29
2023-09-26,BZ=F,93.96
2023-09-27,BZ=F,96.55
2023-09-28,BZ=F,95.38
2023-09-29,BZ=F,95.31
2023-10-02,BZ=F,90.71
2023-10-03,BZ=F,90.92
2023-10-04,BZ=F,85.81
2023-10-05,BZ=F,84.07
2023-10-06,BZ=F,84.58
2023-10-09,BZ=F,88.15
2023-10-10,BZ=F,87.65
2023-10-11,BZ=F,85.82
2023-10-12,BZ=F,86.0
2023-10-13,BZ=F,90.89
2023-10-16,BZ=F,89.65
2023-10-17,BZ=F,89.9
2023-10-18,BZ=F,91.5
2023-10-19,BZ=F,92.38
2023-10-20,BZ=F,92.16
2023-10-23,BZ=F,89.83
2023-10-24,BZ=F,88.07
2023-10-25,BZ=F,90.13
2023-10-26,BZ=F,87.93
2023-10-27,BZ=F,90.48
2023-10-30,BZ=F,87.45
2023-10-31,BZ=F,87.41
2023-11-01,BZ=F,84.63
2023-11-02,BZ=F,86.85
2023-11-03,BZ=F,84.89
2023-11-06,BZ=F,85.18
2023-11-07,BZ=F,81.61
2023-11-08,BZ=F,79.54
2023-11-09,BZ=F,80.01
2023-11-10,BZ=F,81.43
2023-11-13,BZ=F,82.52
2023-11-14,BZ=F,82.47
2023-11-15,BZ=F,81.18
2023-11-16,BZ=F,77.42
2023-11-17,BZ=F,80.61
2023-11-20,BZ=F,82.32
2023-11-21,BZ=F,82.45
2023-11-22,BZ=F,81.96
2023-11-23,BZ=F,81.37
2023-11-24,BZ=F,80.58
2023-11-27,BZ=F,79.98
2023-11-28,BZ=F,81.68
2023-11-29,BZ=F,83.1
2023-11-30,BZ=F,82.83
2023-12-01,BZ=F,78.88
2023-12-04,BZ=F,78.03
2023-12-05,BZ=F,77.2
2023-12-06,BZ=F,74.3
2023-12-07,BZ=F,74.05
2023-12-08,BZ=F,75.84
2023-12-11,BZ=F,76.03
2023-12-12,BZ=F,73.24
2023-12-13,BZ=F,74.26
2023-12-14,BZ=F,76.61
2023-12-15,BZ=F,76.55
2023-12-18,BZ=F,77.95
2023-12-19,BZ=F,79.23
2023-12-20,BZ=F,79.7
2023-12-21,BZ=F,79.39
2023-12-22,BZ=F,79.07
2023-12-26,BZ=F,81.07
2023-12-27,BZ=F,79.65
2023-12-28,BZ=F,78.39
2023-12-29,BZ=F,77.04
2024-01-02,BZ=F,75.89
2024-01-03,BZ=F,78.25
2024-01-04,BZ=F,77.59
2024-01-05,BZ=F,78.76
2024-01-08,BZ=F,76.12
2024-01-09,BZ=F,77.59
2024-01-10,BZ=F,76.8
2024-01-11,BZ=F,77.41
2024-01-12,BZ=F,78.29
2024-01-16,BZ=F,78.29
2024-01-17,BZ=F,77.88
2024-01-18,BZ=F,79.1
2024-01-19,BZ=F,78.56
2024-01-22,BZ=F,80.06
2024-01-23,BZ=F,79.55
2024-01-24,BZ=F,80.04
2024-01-25,BZ=F,82.43
2024-01-26,BZ=F,83.55
2024-01-29,BZ=F,82.4
2024-01-30,BZ=F,82.87
2024-01-31,BZ=F,81.71
2024-02-01,BZ=F,78.7
2024-02-02,BZ=F,77.33
2024-02-05,BZ=F,77.99
2024-02-06,BZ=F,78.59
2024-02-07,BZ=F,79.21
2024-02-08,BZ=F,81.63
2024-02-09,BZ=F,82.19
2024-02-12,BZ=F,82.0
2024-02-13,BZ=F,82.77
2024-02-14,BZ=F,81.6
2024-02-15,BZ=F,82.86
2024-02-16,BZ=F,83.47
2024-02-20,BZ=F,82.34
2024-02-21,BZ=F,83.03
2024-02-22,BZ=F,83.67
2024-02-23,BZ=F,81.62
2024-02-26,BZ=F,82.53
2024-02-27,BZ=F,83.65
2024-02-28,BZ=F,83.68
2024-02-29,BZ=F,83.62
2024-03-01,BZ=F,83.55
2024-03-04,BZ=F,82.8
2024-03-05,BZ=F,82.04
2024-03-06,BZ=F,82.96
2024-03-07,BZ=F,82.96
2024-03-08,BZ=F,82.08
2024-03-11,BZ=F,82.21
2024-03-12,BZ=F,81.92
2024-03-13,BZ=F,84.03
2024-03-14,BZ=F,85.42
2024-03-15,BZ=F,85.34
2024-03-18,BZ=F,86.89
2024-03-19,BZ=F,87.38
2024-03-20,BZ=F,85.95
2024-03-21,BZ=F,85.78
2024-03-22,BZ=F,85.43
2024-03-25,BZ=F,86.75
2024-03-26,BZ=F,86.25
2024-03-27,BZ=F,86.09
2024-03-28,BZ=F,87.48
2024-04-01,BZ=F,87.42
2024-04-02,BZ=F,88.92
2024-04-03,BZ=F,89.35
2024-04-04,BZ=F,90.65
2024-04-05,BZ=F,91.17
2024-04-08,BZ=F,90.38
2024-04-09,BZ=F,89.42
2024-04-10,BZ=F,90.48
2024-04-11,BZ=F,89.74
2024-04-12,BZ=F,90.45
2024-04-15,BZ=F,90.1
2024-04-16,BZ=F,90.02
2024-04-17,BZ=F,87.29
2024-04-18,BZ=F,87.11
2024-04-19,BZ=F,87.29
2024-04-22,BZ=F,87.0
2024-04-23,BZ=F,88.42
2024-04-24,BZ=F,88.02
2024-04-25,BZ=F,89.01
2024-04-26,BZ=F,89.5
2024-04-29,BZ=F,88.4
2024-04-30,BZ=F,87.86
2024-05-01,BZ=F,83.44
2024-05-02,BZ=F,83.67
2024-05-03,BZ=F,82.96
2024-05-06,BZ=F,83.33
2024-05-07,BZ=F,83.16
2024-05-08,BZ=F,83.58
2024-05-09,BZ=F,83.88
2024-05-10,BZ=F,82.79
2024-05-13,BZ=F,83.36
2024-05-14,BZ=F,82.38
2024-05-15,BZ=F,82.75
2024-05-16,BZ=F,83.27
2024-05-17,BZ=F,83.98
2024-05-20,BZ=F,83.71
2024-05-21,BZ=F,82.88
2024-05-22,BZ=F,81.9
2024-05-23,BZ=F,81.36
2024-05-24,BZ=F,82.12
2024-05-28,BZ=F,84.22
2024-05-29,BZ=F,83.6
2024-05-30,BZ=F,81.86
2024-05-31,BZ=F,81.62
2024-06-03,BZ=F,78.36
2024-06-04,BZ=F,77.52
2024-06-05,BZ=F,78.41
2024-06-06,BZ=F,79.87
2024-06-07,BZ=F,79.62
2024-06-10,BZ=F,81.63
2024-06-11,BZ=F,81.92
2024-06-12,BZ=F,82.6
2024-06-13,BZ=F,82.75
2024-06-14,BZ=F,82.62
2024-06-17,BZ=F,84.25
2024-06-18,BZ=F,85.33
2024-06-20,BZ=F,85.71
2024-06-21,BZ=F,85.24
2024-06-24,BZ=F,86.01
2024-06-25,BZ=F,85.01
2024-06-26,BZ=F,85.25
2024-06-27,BZ=F,86.39
2024-06-28,BZ=F,86.41
2024-07-01,BZ=F,86.6
2024-07-02,BZ=F,86.24
2024-07-03,BZ=F,87.34
2024-07-05,BZ=F,86.54
2024-07-08,BZ=F,85.75
2024-07-09,BZ=F,84.66
2024-07-10,BZ=F,85.08
2024-07-11,BZ=F,85.4
2024-07-12,BZ=F,85.03
2024-07-15,BZ=F,84.85
2024-07-16,BZ=F,83.73
2024-07-17,BZ=F,85.08
2024-07-18,BZ=F,85.11
2024-07-19,BZ=F,82.63
2024-07-22,BZ=F,82.4
2024-07-23,BZ=F,81.01
2024-07-24,BZ=F,81.71
2024-07-25,BZ=F,82.37
2024-07-26,BZ=F,81.13
2024-07-29,BZ=F,79.78
2024-07-30,BZ=F,78.63
2024-07-31,BZ=F,80.72
2024-08-01,BZ=F,79.52
2024-08-02,BZ=F,76.81
2024-08-05,BZ=F,76.3
2024-08-06,BZ=F,76.48
2024-08-07,BZ=F,78.33
2024-08-08,BZ=F,79.16
2024-08-09,BZ=F,79.66
2024-08-12,BZ=F,82.3
2024-08-13,BZ=F,80.69
2024-08-14,BZ=F,79.76
2024-08-15,BZ=F,81.04
2024-08-16,BZ=F,79.68
2024-08-19,BZ=F,77.66
2024-08-20,BZ=F,77.2
2024-08-21,BZ=F,76.05
2024-08-22,BZ=F,77.22
2024-08-23,BZ=F,79.02
2024-08-26,BZ=F,81.43
2024-08-27,BZ=F,79.55
2024-08-28,BZ=F,78.65
2024-08-29,BZ=F,79.94
2024-08-30,BZ=F,78.8
2024-09-03,BZ=F,73.75
2024-09-04,BZ=F,72.7
2024-09-05,BZ=F,72.69
2024-09-06,BZ=F,71.06
2024-09-09,BZ=F,71.84
2024-09-10,BZ=F,69.19
2024-09-11,BZ=F,70.61
2024-09-12,BZ=F,71.97
2024-09-13,BZ=F,71.61
2024-09-16,BZ=F,72.75
2024-09-17,BZ=F,73.7
2024-09-18,BZ=F,73.65
2024-09-19,BZ=F,74.88
2024-09-20,BZ=F,74.49
2024-09-23,BZ=F,73.9
2024-09-24,BZ=F,75.17
2024-09-25,BZ=F,73.46
2024-09-26,BZ=F,71.6
2024-09-27,BZ=F,71.98
2024-09-30,BZ=F,71.77
2024-10-01,BZ=F,73.56
2024-10-02,BZ=F,73.9
2024-10-03,BZ=F,77.62
2024-10-04,BZ=F,78.05
2024-10-07,BZ=F,80.93
2024-10-08,BZ=F,77.18
2024-10-09,BZ=F,76.58
2024-10-10,BZ=F,79.4
2024-10-11,BZ=F,79.04
2024-10-14,BZ=F,77.46
2024-10-15,BZ=F,74.25
2024-10-16,BZ=F,74.22
2024-10-17,BZ=F,74.45
2024-10-18,BZ=F,73.06
2024-10-21,BZ=F,74.29
2024-10-22,BZ=F,76.04
2024-10-23,BZ=F,74.96
2024-10-24,BZ=F,74.38
2024-10-25,BZ=F,76.05
2024-10-28,BZ=F,71.42
2024-10-29,BZ=F,71.12
2024-10-30,BZ=F,72.55
2024-10-31,BZ=F,73.16
2024-11-01,BZ=F,73.1
2024-11-04,BZ=F,75.08
2024-11-05,BZ=F,75.53
2024-11-06,BZ=F,74.92
2024-11-07,BZ=F,75.63
2024-11-08,BZ=F,73.87
2024-11-11,BZ=F,71.83
2024-11-12,BZ=F,71.89
2024-11-13,BZ=F,72.28
2024-11-14,BZ=F,72.56
2024-11-15,BZ=F,71.04
2024-11-18,BZ=F,73.3
2024-11-19,BZ=F,73.31
2024-11-20,BZ=F,72.81
2024-11-21,BZ=F,74.23
2024-11-22,BZ=F,75.17
2024-11-25,BZ=F,73.01
2024-11-26,BZ=F,72.81
2024-11-27,BZ=F,72.83
2024-11-29,BZ=F,72.94
2024-12-02,BZ=F,71.83
2024-12-03,BZ=F,73.62
2024-12-04,BZ=F,72.31
2024-12-05,BZ=F,72.09
2024-12-06,BZ=F,71.12
2024-12-09,BZ=F,72.14
2024-12-10,BZ=F,72.19
2024-12-11,BZ=F,73.52
2024-12-12,BZ=F,73.41
2024-12-13,BZ=F,74.49
2024-12-16,BZ=F,73.91
2024-12-17,BZ=F,73.19
2024-12-18,BZ=F,73.39
2024-12-19,BZ=F,72.88
2024-12-20,BZ=F,72.94
2024-12-23,BZ=F,72.63
2024-12-24,BZ=F,73.58
2024-12-26,BZ=F,73.26
2024-12-27,BZ=F,74.17
2024-12-30,BZ=F,74.39
2024-12-31,BZ=F,74.64
2025-01-02,BZ=F,75.93
2025-01-03,BZ=F,76.51
2025-01-06,BZ=F,76.3
2025-01-07,BZ=F,77.05
2025-01-08,BZ=F,76.16
2025-01-09,BZ=F,76.92
2025-01-10,BZ=F,79.76
2025-01-13,BZ=F,81.01
2025-01-14,BZ=F,79.92
2025-01-15,BZ=F,82.03
2025-01-16,BZ=F,81.29
2025-01-17,BZ=F,80.79
2025-01-21,BZ=F,79.29
2025-01-22,BZ=F,79.0
2025-01-23,BZ=F,78.29
2025-01-24,BZ=F,78.5
2025-01-27,BZ=F,77.08
2025-01-28,BZ=F,77.49
2025-01-29,BZ=F,76.58
2025-01-30,BZ=F,76.87
2025-01-31,BZ=F,76.76
2025-02-03,BZ=F,75.96
2025-02-04,BZ=F,76.2
2025-02-05,BZ=F,74.61
2025-02-06,BZ=F,74.29
2025-02-07,BZ=F,74.66
2025-02-10,BZ=F,75.87
2025-02-11,BZ=F,77.0
2025-02-12,BZ=F,75.18
2025-02-13,BZ=F,75.02
2025-02-14,BZ=F,74.74
2025-02-18,BZ=F,75.84
2025-02-19,BZ=F,76.04
2025-02-20,BZ=F,76.48
2025-02-21,BZ=F,74.43
2025-02-24,BZ=F,74.78
2025-02-25,BZ=F,73.02
2025-02-26,BZ=F,72.53
2025-02-27,BZ=F,74.04
2025-02-28,BZ=F,73.18
2025-03-03,BZ=F,71.62
2025-03-04,BZ=F,71.04
2025-03-05,BZ=F,69.3
2025-03-06,BZ=F,69.46
2025-03-07,BZ=F,70.36
2025-03-10,BZ=F,69.28
2025-03-11,BZ=F,69.56
2025-03-12,BZ=F,70.95
2025-03-13,BZ=F,69.88
2025-03-14,BZ=F,70.58
2025-03-17,BZ=F,71.07
2025-03-18,BZ=F,70.56
2025-03-19,BZ=F,70.78
2025-03-20,BZ=F,72.0
2025-03-21,BZ=F,72.16
2025-03-24,BZ=F,73.0
2025-03-25,BZ=F,73.02
2025-03-26,BZ=F,73.79
2025-03-27,BZ=F,74.03
2025-03-28,BZ=F,73.63
2025-03-31,BZ=F,74.74
2025-04-01,BZ=F,74.49
2025-04-02,BZ=F,74.95
2025-04-03,BZ=F,70.14
2025-04-04,BZ=F,65.58
2025-04-07,BZ=F,64.21
2025-04-08,BZ=F,62.82
2025-04-09,BZ=F,65.48
2025-04-10,BZ=F,63.33
2025-04-11,BZ=F,64.76
2025-04-14,BZ=F,64.88
2025-04-15,BZ=F,64.67
2025-04-16,BZ=F,65.85
2025-04-17,BZ=F,67.96
2025-04-21,BZ=F,66.26
2025-04-22,BZ=F,67.44
2025-04-23,BZ=F,66.12
2025-04-24,BZ=F,66.55
2025-04-25,BZ=F,66.87
2025-04-28,BZ=F,65.86
2025-04-29,BZ=F,64.25
2025-04-30,BZ=F,63.12
2025-05-01,BZ=F,62.13
2025-05-02,BZ=F,61.29
2025-05-05,BZ=F,60.23
2025-05-06,BZ=F,62.15
2025-05-07,BZ=F,61.12
2025-05-08,BZ=F,62.84
2025-05-09,BZ=F,63.91
2025-05-12,BZ=F,64.96
2025-05-13,BZ=F,66.63
2025-05-14,BZ=F,66.09
2025-05-15,BZ=F,64.53
2025-05-16,BZ=F,65.41
2025-05-19,BZ=F,65.54
2025-05-20,BZ=F,65.38
2025-05-21,BZ=F,64.91
2025-05-22,BZ=F,64.44
2025-05-23,BZ=F,64.78
2025-05-27,BZ=F,64.09
2025-05-28,BZ=F,64.9
2025-05-29,BZ=F,64.15
2025-05-30,BZ=F,63.9
2025-06-02,BZ=F,64.63
2025-06-03,BZ=F,65.63
2025-06-04,BZ=F,64.86
2025-06-05,BZ=F,65.34
2025-06-06,BZ=F,66.47
2025-06-09,BZ=F,67.04
2025-06-10,BZ=F,66.87
2025-06-11,BZ=F,69.77
2025-06-12,BZ=F,69.36
2025-06-13,BZ=F,74.23
2025-06-16,BZ=F,73.23
2025-06-17,BZ=F,76.45
2025-06-18,BZ=F,76.7
2025-06-20,BZ=F,77.01
2025-06-23,BZ=F,71.48
2025-06-24,BZ=F,67.14
2025-06-25,BZ=F,67.68
2025-06-26,BZ=F,67.73
2025-06-27,BZ=F,67.77
2025-06-30,BZ=F,67.61
2025-07-01,BZ=F,67.11
2025-07-02,BZ=F,69.11
2025-07-03,BZ=F,68.8
2025-07-04,BZ=F,68.29
2025-07-07,BZ=F,69.58
2025-07-08,BZ=F,70.15
2025-07-09,BZ=F,70.19
2025-07-10,BZ=F,68.64
2025-07-11,BZ=F,70.36
2025-07-14,BZ=F,69.21
2025-07-15,BZ=F,68.71
2025-07-16,BZ=F,68.52
2025-07-17,BZ=F,69.52
2025-07-18,BZ=F,69.28
2025-07-21,BZ=F,69.21
2025-07-22,BZ=F,68.59
2025-07-23,BZ=F,68.51
2025-07-24,BZ=F,69.18
2025-07-25,BZ=F,68.44
2025-07-28,BZ=F,70.04
2025-07-29,BZ=F,72.51
2025-07-30,BZ=F,73.24
2025-07-31,BZ=F,72.53
2025-08-01,BZ=F,69.67
2025-08-04,BZ=F,68.76
2025-08-05,BZ=F,67.64
2025-08-06,BZ=F,66.89
2025-08-07,BZ=F,66.43
2025-08-08,BZ=F,66.59
2025-08-11,BZ=F,66.63
2025-08-12,BZ=F,66.12
2025-08-13,BZ=F,65.63
2025-08-14,BZ=F,66.84
2025-08-15,BZ=F,65.85
2025-08-18,BZ=F,66.6
2025-08-19,BZ=F,65.79
2025-08-20,BZ=F,66.84
2025-08-21,BZ=F,67.67
2025-08-22,BZ=F,67.73
2025-08-25,BZ=F,68.8
2025-08-26,BZ=F,67.22
2025-08-27,BZ=F,68.05
2025-08-28,BZ=F,68.62
2025-08-29,BZ=F,68.12
2025-09-02,BZ=F,69.14
2025-09-03,BZ=F,67.6
2025-09-04,BZ=F,66.99
2025-09-05,BZ=F,65.5
2025-09-08,BZ=F,66.02
2025-09-09,BZ=F,66.39
2025-09-10,BZ=F,67.49
2025-09-11,BZ=F,66.37
2025-09-12,BZ=F,66.99
2025-09-15,BZ=F,67.44
2025-09-16,BZ=F,68.47
2025-09-17,BZ=F,67.95
2025-09-18,BZ=F,67.44
2025-09-19,BZ=F,66.68
2025-09-22,BZ=F,66.57
2025-09-23,BZ=F,67.63
2025-09-24,BZ=F,69.31
2025-09-25,BZ=F,69.42
2025-09-26,BZ=F,70.13
2025-09-29,BZ=F,67.97
2025-09-30,BZ=F,67.02
2025-10-01,BZ=F,65.35
2025-10-02,BZ=F,64.11
2025-10-03,BZ=F,64.53
2025-10-06,BZ=F,65.47
2025-10-07,BZ=F,65.45
2025-10-08,BZ=F,66.25
2025-10-09,BZ=F,65.22
2025-10-10,BZ=F,62.73
2025-10-13,BZ=F,63.32
2025-10-14,BZ=F,62.39
2025-10-15,BZ=F,61.91
2025-10-16,BZ=F,61.06
2025-10-17,BZ=F,61.29
2025-10-20,BZ=F,61.01
2025-10-21,BZ=F,61.32
2025-10-22,BZ=F,62.59
2025-10-23,BZ=F,65.99
2025-10-24,BZ=F,65.94
2025-10-27,BZ=F,65.62
2025-10-28,BZ=F,64.4
2025-10-29,BZ=F,64.92
2025-10-30,BZ=F,65.0
2025-10-31,BZ=F,65.07
2025-11-03,BZ=F,64.89
2025-11-04,BZ=F,64.44
2025-11-05,BZ=F,63.52
2025-11-06,BZ=F,63.38
2025-11-07,BZ=F,63.63
2025-11-10,BZ=F,64.06
2025-11-11,BZ=F,65.16
2025-11-12,BZ=F,62.71
2025-11-13,BZ=F,63.01
2025-11-14,BZ=F,64.39
2025-11-17,BZ=F,64.2
2025-11-18,BZ=F,64.89
2025-11-19,BZ=F,63.51
2025-11-20,BZ=F,63.38
2025-11-21,BZ=F,62.56
2025-11-24,BZ=F,63.37
2025-11-25,BZ=F,62.48
2025-11-26,BZ=F,63.13
2025-11-28,BZ=F,63.2
2025-12-01,BZ=F,63.17
2025-12-02,BZ=F,62.45
2025-12-03,BZ=F,62.67
2025-12-04,BZ=F,63.26
2025-12-05,BZ=F,63.75
2025-12-08,BZ=F,62.49
2025-12-09,BZ=F,61.94
2025-12-10,BZ=F,62.21
2025-12-11,BZ=F,61.28
2025-12-12,BZ=F,61.12
2025-12-15,BZ=F,60.56
2025-12-16,BZ=F,58.92
2025-12-17,BZ=F,59.68
2025-12-18,BZ=F,59.82
2025-12-19,BZ=F,60.47
2025-12-22,BZ=F,62.07
2025-12-23,BZ=F,62.38
2025-12-24,BZ=F,62.24
2025-12-26,BZ=F,60.64
2025-12-29,BZ=F,61.94
2025-12-30,BZ=F,61.92
2025-12-31,BZ=F,60.85
2026-01-02,BZ=F,60.75
2026-01-05,BZ=F,61.76
2026-01-06,BZ=F,60.7
2026-01-07,BZ=F,59.96
2026-01-08,BZ=F,61.99
2026-01-09,BZ=F,63.34
2026-01-12,BZ=F,63.87
2026-01-13,BZ=F,65.47
2026-01-14,BZ=F,66.52
2026-01-15,BZ=F,63.76
2026-01-16,BZ=F,64.13
2026-01-20,BZ=F,64.92
2026-01-21,BZ=F,65.24
2026-01-22,BZ=F,64.06
2026-01-23,BZ=F,65.88
2026-01-26,BZ=F,65.59
2026-01-27,BZ=F,67.57
2026-01-28,BZ=F,68.4
2026-01-29,BZ=F,70.71
2026-01-30,BZ=F,70.69
2026-02-02,BZ=F,66.3
2026-02-03,BZ=F,67.33
2026-02-04,BZ=F,69.46
2026-02-05,BZ=F,67.55
2026-02-06,BZ=F,68.05
2026-02-09,BZ=F,69.04
2026-02-10,BZ=F,68.8
2026-02-11,BZ=F,69.4
2026-02-12,BZ=F,67.52
2026-02-13,BZ=F,67.75
2026-02-17,BZ=F,67.42
2026-02-18,BZ=F,70.35
2026-02-19,BZ=F,71.66
2026-02-20,BZ=F,71.76
2026-02-23,BZ=F,71.49
2026-02-24,BZ=F,70.77
2026-02-25,BZ=F,70.85
2026-02-26,BZ=F,70.75
2026-02-27,BZ=F,72.48
2026-03-02,BZ=F,77.74
2026-03-03,BZ=F,81.4
2026-03-04,BZ=F,81.4
2026-03-05,BZ=F,85.41
2026-03-06,BZ=F,92.69
2026-03-09,BZ=F,98.96
2026-03-10,BZ=F,87.8
2026-03-11,BZ=F,91.98
2026-03-12,BZ=F,100.46
2026-03-13,BZ=F,103.14
2026-03-16,BZ=F,100.21
2026-03-17,BZ=F,103.42
2026-03-18,BZ=F,107.38
2026-03-19,BZ=F,108.65
2026-03-20,BZ=F,112.19
2026-03-23,BZ=F,99.94
2026-03-24,BZ=F,104.49
2026-03-25,BZ=F,102.22
2026-03-26,BZ=F,108.01
2026-03-27,BZ=F,112.57
2026-03-30,BZ=F,112.78
2026-03-31,BZ=F,118.35
2026-04-01,BZ=F,101.16
2026-04-02,BZ=F,109.03
2026-04-06,BZ=F,109.77
2026-04-07,BZ=F,109.27
2026-04-08,BZ=F,94.75
2026-04-09,BZ=F,95.92
2026-04-10,BZ=F,95.2
2026-04-13,BZ=F,99.36
2026-04-14,BZ=F,94.79
2026-04-15,BZ=F,94.93
2026-04-16,BZ=F,99.39
2026-04-17,BZ=F,90.38
2026-04-20,BZ=F,95.48
2026-04-21,BZ=F,98.48
2026-04-22,BZ=F,101.91
2026-04-23,BZ=F,105.07
2026-04-24,BZ=F,105.33
2026-04-27,BZ=F,108.23
2026-04-28,BZ=F,111.26
2026-04-29,BZ=F,118.03
2026-04-30,BZ=F,114.01
2026-05-01,BZ=F,108.17
2026-05-04,BZ=F,114.44
2026-05-05,BZ=F,109.87
2026-05-06,BZ=F,101.27
2026-05-07,BZ=F,100.06
2026-05-08,BZ=F,101.29
2026-05-11,BZ=F,104.21
2026-05-12,BZ=F,107.77
2026-05-13,BZ=F,105.63
2026-05-14,BZ=F,105.72
2026-05-15,BZ=F,109.26
2026-05-18,BZ=F,112.1
2026-05-19,BZ=F,111.28
2026-05-20,BZ=F,105.02
2026-05-21,BZ=F,102.58
2026-05-22,BZ=F,103.54
2026-05-26,BZ=F,99.58
2026-05-27,BZ=F,94.29
2026-05-28,BZ=F,93.71
2026-05-29,BZ=F,92.05
2026-06-01,BZ=F,94.98
2026-06-02,BZ=F,96.0
2026-06-03,BZ=F,97.81
2026-06-04,BZ=F,95.03
2026-06-05,BZ=F,93.09
2026-06-08,BZ=F,94.25
2026-06-09,BZ=F,91.45
2026-06-10,BZ=F,93.1
2026-06-11,BZ=F,90.38
2026-06-12,BZ=F,87.33
2026-06-15,BZ=F,83.17
2026-06-16,BZ=F,78.96
2026-06-17,BZ=F,79.55
2026-06-18,BZ=F,79.85
2026-06-22,BZ=F,77.9
2026-06-23,BZ=F,77.08
2026-06-24,BZ=F,73.74
2026-06-25,BZ=F,75.26
2026-06-26,BZ=F,71.99
2026-06-29,BZ=F,73.15
2026-06-30,BZ=F,72.92
2026-07-01,BZ=F,71.57
2026-07-02,BZ=F,71.8
2026-07-06,BZ=F,71.99
2026-07-07,BZ=F,74.16
2026-07-08,BZ=F,78.02
2026-07-09,BZ=F,76.3
2026-07-10,BZ=F,76.01
2026-07-13,BZ=F,83.3
2026-07-14,BZ=F,84.73
2026-07-15,BZ=F,84.95
2026-07-16,BZ=F,84.23
2026-07-17,BZ=F,88.1
2026-07-20,BZ=F,89.22
2026-07-21,BZ=F,91.01
2026-07-22,BZ=F,94.07
2026-07-23,BZ=F,100.69
2026-07-24,BZ=F,96.78
2026-07-27,BZ=F,88.36
2026-07-28,BZ=F,84.09
2026-07-29,BZ=F,90.74
2026-07-30,BZ=F,89.03
2026-07-31,BZ=F,90.12
2026-08-03,BZ=F,83.77
2026-08-04,BZ=F,79.36
2026-08-05,BZ=F,79.45
2026-08-06,BZ=F,82.49
2026-08-07,BZ=F,83.55
2026-08-10,BZ=F,87.72
2026-08-11,BZ=F,88.91
2026-08-12,BZ=F,88.98
2026-08-13,BZ=F,87.07
2026-08-14,BZ=F,88.52
2026-08-17,BZ=F,90.87
2026-08-18,BZ=F,91.02
2026-08-19,BZ=F,91.62
2026-08-20,BZ=F,93.78
2026-08-21,BZ=F,94.39
2026-08-24,BZ=F,92.17
2026-08-25,BZ=F,88.58
2026-08-26,BZ=F,87.84
2026-08-27,BZ=F,89.7
2026-08-28,BZ=F,89.31
2026-08-31,BZ=F,90.49
2026-09-01,BZ=F,94.65
2026-09-02,BZ=F,95.63
2026-09-03,BZ=F,95.52
2026-09-04,BZ=F,96.28
2026-09-08,BZ=F,97.92
2026-09-09,BZ=F,101.21
2026-09-10,BZ=F,107.63
2026-09-11,BZ=F,104.61
2026-09-14,BZ=F,105.68
2026-09-15,BZ=F,108.75
2026-09-16,BZ=F,105.83
2026-09-17,BZ=F,104.82
2026-09-18,BZ=F,103.87
2026-09-21,BZ=F,100.34
2026-09-22,BZ=F,99.25
2026-09-23,BZ=F,103.08
2026-09-24,BZ=F,106.6
2026-09-25,BZ=F,104.32
2026-09-28,BZ=F,105.28
2026-09-29,BZ=F,102.59
2026-09-30,BZ=F,97.63
2021-01-04,CL=F,47.62
2021-01-05,CL=F,49.93
2021-01-06,CL=F,50.63
2021-01-07,CL=F,50.83
2021-01-08,CL=F,52.24
2021-01-11,CL=F,52.25
2021-01-12,CL=F,53.21
2021-01-13,CL=F,52.91
2021-01-14,CL=F,53.57
2021-01-15,CL=F,52.36
2021-01-19,CL=F,52.98
2021-01-20,CL=F,53.24
2021-01-21,CL=F,53.13
2021-01-22,CL=F,52.27
2021-01-25,CL=F,52.77
2021-01-26,CL=F,52.61
2021-01-27,CL=F,52.85
2021-01-28,CL=F,52.34
2021-01-29,CL=F,52.2
2021-02-01,CL=F,53.55
2021-02-02,CL=F,54.76
2021-02-03,CL=F,55.69
2021-02-04,CL=F,56.23
2021-02-05,CL=F,56.85
2021-02-08,CL=F,57.97
2021-02-09,CL=F,58.36
2021-02-10,CL=F,58.68
2021-02-11,CL=F,58.24
2021-02-12,CL=F,59.47
2021-02-16,CL=F,60.05
2021-02-17,CL=F,61.14
2021-02-18,CL=F,60.52
2021-02-19,CL=F,59.24
2021-02-22,CL=F,61.49
2021-02-23,CL=F,61.67
2021-02-24,CL=F,63.22
2021-02-25,CL=F,63.53
2021-02-26,CL=F,61.5
2021-03-01,CL=F,60.64
2021-03-02,CL=F,59.75
2021-03-03,CL=F,61.28
2021-03-04,CL=F,63.83
2021-03-05,CL=F,66.09
2021-03-08,CL=F,65.05
2021-03-09,CL=F,64.01
2021-03-10,CL=F,64.44
2021-03-11,CL=F,66.02
2021-03-12,CL=F,65.61
2021-03-15,CL=F,65.39
2021-03-16,CL=F,64.8
2021-03-17,CL=F,64.6
2021-03-18,CL=F,60.0
2021-03-19,CL=F,61.42
2021-03-22,CL=F,61.55
2021-03-23,CL=F,57.76
2021-03-24,CL=F,61.18
2021-03-25,CL=F,58.56
2021-03-26,CL=F,60.97
2021-03-29,CL=F,61.56
2021-03-30,CL=F,60.55
2021-03-31,CL=F,59.16
2021-04-01,CL=F,61.45
2021-04-05,CL=F,58.65
2021-04-06,CL=F,59.33
2021-04-07,CL=F,59.77
2021-04-08,CL=F,59.6
2021-04-09,CL=F,59.32
2021-04-12,CL=F,59.7
2021-04-13,CL=F,60.18
2021-04-14,CL=F,63.15
2021-04-15,CL=F,63.46
2021-04-16,CL=F,63.13
2021-04-19,CL=F,63.38
2021-04-20,CL=F,62.44
2021-04-21,CL=F,61.35
2021-04-22,CL=F,61.43
2021-04-23,CL=F,62.14
2021-04-26,CL=F,61.91
2021-04-27,CL=F,62.94
2021-04-28,CL=F,63.86
2021-04-29,CL=F,65.01
2021-04-30,CL=F,63.58
2021-05-03,CL=F,64.49
2021-05-04,CL=F,65.69
2021-05-05,CL=F,65.63
2021-05-06,CL=F,64.71
2021-05-07,CL=F,64.9
2021-05-10,CL=F,64.92
2021-05-11,CL=F,65.28
2021-05-12,CL=F,66.08
2021-05-13,CL=F,63.82
2021-05-14,CL=F,65.37
2021-05-17,CL=F,66.27
2021-05-18,CL=F,65.49
2021-05-19,CL=F,63.36
2021-05-20,CL=F,62.05
2021-05-21,CL=F,63.58
2021-05-24,CL=F,66.05
2021-05-25,CL=F,66.07
2021-05-26,CL=F,66.21
2021-05-27,CL=F,66.85
2021-05-28,CL=F,66.32
2021-06-01,CL=F,67.72
2021-06-02,CL=F,68.83
2021-06-03,CL=F,68.81
2021-06-04,CL=F,69.62
2021-06-07,CL=F,69.23
2021-06-08,CL=F,70.05
2021-06-09,CL=F,69.96
2021-06-10,CL=F,70.29
2021-06-11,CL=F,70.91
2021-06-14,CL=F,70.88
2021-06-15,CL=F,72.12
2021-06-16,CL=F,72.15
2021-06-17,CL=F,71.04
2021-06-18,CL=F,71.64
2021-06-21,CL=F,73.66
2021-06-22,CL=F,73.06
2021-06-23,CL=F,73.08
2021-06-24,CL=F,73.3
2021-06-25,CL=F,74.05
2021-06-28,CL=F,72.91
2021-06-29,CL=F,72.98
2021-06-30,CL=F,73.47
2021-07-01,CL=F,75.23
2021-07-02,CL=F,75.16
2021-07-06,CL=F,73.37
2021-07-07,CL=F,72.2
2021-07-08,CL=F,72.94
2021-07-09,CL=F,74.56
2021-07-12,CL=F,74.1
2021-07-13,CL=F,75.25
2021-07-14,CL=F,73.13
2021-07-15,CL=F,71.65
2021-07-16,CL=F,71.81
2021-07-19,CL=F,66.42
2021-07-20,CL=F,67.42
2021-07-21,CL=F,70.3
2021-07-22,CL=F,71.91
2021-07-23,CL=F,72.07
2021-07-26,CL=F,71.91
2021-07-27,CL=F,71.65
2021-07-28,CL=F,72.39
2021-07-29,CL=F,73.62
2021-07-30,CL=F,73.95
2021-08-02,CL=F,71.26
2021-08-03,CL=F,70.56
2021-08-04,CL=F,68.15
2021-08-05,CL=F,69.09
2021-08-06,CL=F,68.28
2021-08-09,CL=F,66.48
2021-08-10,CL=F,68.29
2021-08-11,CL=F,69.25
2021-08-12,CL=F,69.09
2021-08-13,CL=F,68.44
2021-08-16,CL=F,67.29
2021-08-17,CL=F,66.59
2021-08-18,CL=F,65.46
2021-08-19,CL=F,63.69
2021-08-20,CL=F,62.32
2021-08-23,CL=F,65.64
2021-08-24,CL=F,67.54
2021-08-25,CL=F,68.36
2021-08-26,CL=F,67.42
2021-08-27,CL=F,68.74
2021-08-30,CL=F,69.21
2021-08-31,CL=F,68.5
2021-09-01,CL=F,68.59
2021-09-02,CL=F,69.99
2021-09-03,CL=F,69.29
2021-09-07,CL=F,68.35
2021-09-08,CL=F,69.3
2021-09-09,CL=F,68.14
2021-09-10,CL=F,69.72
2021-09-13,CL=F,70.45
2021-09-14,CL=F,70.46
2021-09-15,CL=F,72.61
2021-09-16,CL=F,72.61
2021-09-17,CL=F,71.97
2021-09-20,CL=F,70.29
2021-09-21,CL=F,70.56
2021-09-22,CL=F,72.23
2021-09-23,CL=F,73.3
2021-09-24,CL=F,73.98
2021-09-27,CL=F,75.45
2021-09-28,CL=F,75.29
2021-09-29,CL=F,74.83
2021-09-30,CL=F,75.03
2021-10-01,CL=F,75.88
2021-10-04,CL=F,77.62
2021-10-05,CL=F,78.93
2021-10-06,CL=F,77.43
2021-10-07,CL=F,78.3
2021-10-08,CL=F,79.35
2021-10-11,CL=F,80.52
2021-10-12,CL=F,80.64
2021-10-13,CL=F,80.44
2021-10-14,CL=F,81.31
2021-10-15,CL=F,82.28
2021-10-18,CL=F,82.44
2021-10-19,CL=F,82.96
2021-10-20,CL=F,83.87
2021-10-21,CL=F,82.5
2021-10-22,CL=F,83.76
2021-10-25,CL=F,83.76
2021-10-26,CL=F,84.65
2021-10-27,CL=F,82.66
2021-10-28,CL=F,82.81
2021-10-29,CL=F,83.57
2021-11-01,CL=F,84.05
2021-11-02,CL=F,83.91
2021-11-03,CL=F,80.86
2021-11-04,CL=F,78.81
2021-11-05,CL=F,81.27
2021-11-08,CL=F,81.93
2021-11-09,CL=F,84.15
2021-11-10,CL=F,81.34
2021-11-11,CL=F,81.59
2021-11-12,CL=F,80.79
2021-11-15,CL=F,80.88
2021-11-16,CL=F,80.76
2021-11-17,CL=F,78.36
2021-11-18,CL=F,79.01
2021-11-19,CL=F,76.1
2021-11-22,CL=F,76.75
2021-11-23,CL=F,78.5
2021-11-24,CL=F,78.39
2021-11-26,CL=F,68.15
2021-11-29,CL=F,69.95
2021-11-30,CL=F,66.18
2021-12-01,CL=F,65.57
2021-12-02,CL=F,66.5
2021-12-03,CL=F,66.26
2021-12-06,CL=F,69.49
2021-12-07,CL=F,72.05
2021-12-08,CL=F,72.36
2021-12-09,CL=F,70.94
2021-12-10,CL=F,71.67
2021-12-13,CL=F,71.29
2021-12-14,CL=F,70.73
2021-12-15,CL=F,70.87
2021-12-16,CL=F,72.38
2021-12-17,CL=F,70.86
2021-12-20,CL=F,68.23
2021-12-21,CL=F,71.12
2021-12-22,CL=F,72.76
2021-12-23,CL=F,73.79
2021-12-27,CL=F,75.57
2021-12-28,CL=F,75.98
2021-12-29,CL=F,76.56
2021-12-30,CL=F,76.99
2021-12-31,CL=F,75.21
2022-01-03,CL=F,76.08
2022-01-04,CL=F,76.99
2022-01-05,CL=F,77.85
2022-01-06,CL=F,79.46
2022-01-07,CL=F,78.9
2022-01-10,CL=F,78.23
2022-01-11,CL=F,81.22
2022-01-12,CL=F,82.64
2022-01-13,CL=F,82.12
2022-01-14,CL=F,83.82
2022-01-18,CL=F,85.43
2022-01-19,CL=F,86.96
2022-01-20,CL=F,86.9
2022-01-21,CL=F,85.14
2022-01-24,CL=F,83.31
2022-01-25,CL=F,85.6
2022-01-26,CL=F,87.35
2022-01-27,CL=F,86.61
2022-01-28,CL=F,86.82
2022-01-31,CL=F,88.15
2022-02-01,CL=F,88.2
2022-02-02,CL=F,88.26
2022-02-03,CL=F,90.27
2022-02-04,CL=F,92.31
2022-02-07,CL=F,91.32
2022-02-08,CL=F,89.36
2022-02-09,CL=F,89.66
2022-02-10,CL=F,89.88
2022-02-11,CL=F,93.1
2022-02-14,CL=F,95.46
2022-02-15,CL=F,92.07
2022-02-16,CL=F,93.66
2022-02-17,CL=F,91.76
2022-02-18,CL=F,91.07
2022-02-22,CL=F,92.35
2022-02-23,CL=F,92.1
2022-02-24,CL=F,92.81
2022-02-25,CL=F,91.59
2022-02-28,CL=F,95.72
2022-03-01,CL=F,103.41
2022-03-02,CL=F,110.6
2022-03-03,CL=F,107.67
2022-03-04,CL=F,115.68
2022-03-07,CL=F,119.4
2022-03-08,CL=F,123.7
2022-03-09,CL=F,108.7
2022-03-10,CL=F,106.02
2022-03-11,CL=F,109.33
2022-03-14,CL=F,103.01
2022-03-15,CL=F,96.44
2022-03-16,CL=F,95.04
2022-03-17,CL=F,102.98
2022-03-18,CL=F,104.7
2022-03-21,CL=F,112.12
2022-03-22,CL=F,111.76
2022-03-23,CL=F,114.93
2022-03-24,CL=F,112.34
2022-03-25,CL=F,113.9
2022-03-28,CL=F,105.96
2022-03-29,CL=F,104.24
2022-03-30,CL=F,107.82
2022-03-31,CL=F,100.28
2022-04-01,CL=F,99.27
2022-04-04,CL=F,103.28
2022-04-05,CL=F,101.96
2022-04-06,CL=F,96.23
2022-04-07,CL=F,96.03
2022-04-08,CL=F,98.26
2022-04-11,CL=F,94.29
2022-04-12,CL=F,100.6
2022-04-13,CL=F,104.25
2022-04-14,CL=F,106.95
2022-04-18,CL=F,108.21
2022-04-19,CL=F,102.56
2022-04-20,CL=F,102.75
2022-04-21,CL=F,103.79
2022-04-22,CL=F,102.07
2022-04-25,CL=F,98.54
2022-04-26,CL=F,101.7
2022-04-27,CL=F,102.02
2022-04-28,CL=F,105.36
2022-04-29,CL=F,104.69
2022-05-02,CL=F,105.17
2022-05-03,CL=F,102.41
2022-05-04,CL=F,107.81
2022-05-05,CL=F,108.26
2022-05-06,CL=F,109.77
2022-05-09,CL=F,103.09
2022-05-10,CL=F,99.76
2022-05-11,CL=F,105.71
2022-05-12,CL=F,106.13
2022-05-13,CL=F,110.49
2022-05-16,CL=F,114.2
2022-05-17,CL=F,112.4
2022-05-18,CL=F,109.59
2022-05-19,CL=F,112.21
2022-05-20,CL=F,113.23
2022-05-23,CL=F,110.29
2022-05-24,CL=F,109.77
2022-05-25,CL=F,110.33
2022-05-26,CL=F,114.09
2022-05-27,CL=F,115.07
2022-05-31,CL=F,114.67
2022-06-01,CL=F,115.26
2022-06-02,CL=F,116.87
2022-06-03,CL=F,118.87
2022-06-06,CL=F,118.5
2022-06-07,CL=F,119.41
2022-06-08,CL=F,122.11
2022-06-09,CL=F,121.51
2022-06-10,CL=F,120.67
2022-06-13,CL=F,120.93
2022-06-14,CL=F,118.93
2022-06-15,CL=F,115.31
2022-06-16,CL=F,117.59
2022-06-17,CL=F,109.56
2022-06-21,CL=F,110.65
2022-06-22,CL=F,106.19
2022-06-23,CL=F,104.27
2022-06-24,CL=F,107.62
2022-06-27,CL=F,109.57
2022-06-28,CL=F,111.76
2022-06-29,CL=F,109.78
2022-06-30,CL=F,105.76
2022-07-01,CL=F,108.43
2022-07-05,CL=F,99.5
2022-07-06,CL=F,98.53
2022-07-07,CL=F,102.73
2022-07-08,CL=F,104.79
2022-07-11,CL=F,104.09
2022-07-12,CL=F,95.84
2022-07-13,CL=F,96.3
2022-07-14,CL=F,95.78
2022-07-15,CL=F,97.59
2022-07-18,CL=F,102.6
2022-07-19,CL=F,104.22
2022-07-20,CL=F,102.26
2022-07-21,CL=F,96.35
2022-07-22,CL=F,94.7
2022-07-25,CL=F,96.7
2022-07-26,CL=F,94.98
2022-07-27,CL=F,97.26
2022-07-28,CL=F,96.42
2022-07-29,CL=F,98.62
2022-08-01,CL=F,93.89
2022-08-02,CL=F,94.42
2022-08-03,CL=F,90.66
2022-08-04,CL=F,88.54
2022-08-05,CL=F,89.01
2022-08-08,CL=F,90.76
2022-08-09,CL=F,90.5
2022-08-10,CL=F,91.93
2022-08-11,CL=F,94.34
2022-08-12,CL=F,92.09
2022-08-15,CL=F,89.41
2022-08-16,CL=F,86.53
2022-08-17,CL=F,88.11
2022-08-18,CL=F,90.5
2022-08-19,CL=F,90.77
2022-08-22,CL=F,90.23
2022-08-23,CL=F,93.74
2022-08-24,CL=F,94.89
2022-08-25,CL=F,92.52
2022-08-26,CL=F,93.06
2022-08-29,CL=F,97.01
2022-08-30,CL=F,91.64
2022-08-31,CL=F,89.55
2022-09-01,CL=F,86.61
2022-09-02,CL=F,86.87
2022-09-06,CL=F,86.88
2022-09-07,CL=F,81.94
2022-09-08,CL=F,83.54
2022-09-09,CL=F,86.79
2022-09-12,CL=F,87.78
2022-09-13,CL=F,87.31
2022-09-14,CL=F,88.48
2022-09-15,CL=F,85.1
2022-09-16,CL=F,85.11
2022-09-19,CL=F,85.73
2022-09-20,CL=F,84.45
2022-09-21,CL=F,82.94
2022-09-22,CL=F,83.49
2022-09-23,CL=F,78.74
2022-09-26,CL=F,76.71
2022-09-27,CL=F,78.5
2022-09-28,CL=F,82.15
2022-09-29,CL=F,81.23
2022-09-30,CL=F,79.49
2022-10-03,CL=F,83.63
2022-10-04,CL=F,86.52
2022-10-05,CL=F,87.76
2022-10-06,CL=F,88.45
2022-10-07,CL=F,92.64
2022-10-10,CL=F,91.13
2022-10-11,CL=F,89.35
2022-10-12,CL=F,87.27
2022-10-13,CL=F,89.11
2022-10-14,CL=F,85.61
2022-10-17,CL=F,85.46
2022-10-18,CL=F,82.82
2022-10-19,CL=F,85.55
2022-10-20,CL=F,85.98
2022-10-21,CL=F,85.05
2022-10-24,CL=F,84.58
2022-10-25,CL=F,85.32
2022-10-26,CL=F,87.91
2022-10-27,CL=F,89.08
2022-10-28,CL=F,87.9
2022-10-31,CL=F,86.53
2022-11-01,CL=F,88.37
2022-11-02,CL=F,90.0
2022-11-03,CL=F,88.17
2022-11-04,CL=F,92.61
2022-11-07,CL=F,91.79
2022-11-08,CL=F,88.91
2022-11-09,CL=F,85.83
2022-11-10,CL=F,86.47
2022-11-11,CL=F,88.96
2022-11-14,CL=F,85.87
2022-11-15,CL=F,86.92
2022-11-16,CL=F,85.59
2022-11-17,CL=F,81.64
2022-11-18,CL=F,80.08
2022-11-21,CL=F,79.73
2022-11-22,CL=F,80.95
2022-11-23,CL=F,77.94
2022-11-25,CL=F,76.28
2022-11-28,CL=F,77.24
2022-11-29,CL=F,78.2
2022-11-30,CL=F,80.55
2022-12-01,CL=F,81.22
2022-12-02,CL=F,79.98
2022-12-05,CL=F,76.93
2022-12-06,CL=F,74.25
2022-12-07,CL=F,72.01
2022-12-08,CL=F,71.46
2022-12-09,CL=F,71.02
2022-12-12,CL=F,73.17
2022-12-13,CL=F,75.39
2022-12-14,CL=F,77.28
2022-12-15,CL=F,76.11
2022-12-16,CL=F,74.29
2022-12-19,CL=F,75.19
2022-12-20,CL=F,76.09
2022-12-21,CL=F,78.29
2022-12-22,CL=F,77.49
2022-12-23,CL=F,79.56
2022-12-27,CL=F,79.53
2022-12-28,CL=F,78.96
2022-12-29,CL=F,78.4
2022-12-30,CL=F,80.26
2023-01-03,CL=F,76.93
2023-01-04,CL=F,72.84
2023-01-05,CL=F,73.67
2023-01-06,CL=F,73.77
2023-01-09,CL=F,74.63
2023-01-10,CL=F,75.12
2023-01-11,CL=F,77.41
2023-01-12,CL=F,78.39
2023-01-13,CL=F,79.86
2023-01-17,CL=F,80.18
2023-01-18,CL=F,79.48
2023-01-19,CL=F,80.33
2023-01-20,CL=F,81.31
2023-01-23,CL=F,81.62
2023-01-24,CL=F,80.13
2023-01-25,CL=F,80.15
2023-01-26,CL=F,81.01
2023-01-27,CL=F,79.68
2023-01-30,CL=F,77.9
2023-01-31,CL=F,78.87
2023-02-01,CL=F,76.41
2023-02-02,CL=F,75.88
2023-02-03,CL=F,73.39
2023-02-06,CL=F,74.11
2023-02-07,CL=F,77.14
2023-02-08,CL=F,78.47
2023-02-09,CL=F,78.06
2023-02-10,CL=F,79.72
2023-02-13,CL=F,80.14
2023-02-14,CL=F,79.06
2023-02-15,CL=F,78.59
2023-02-16,CL=F,78.49
2023-02-17,CL=F,76.34
2023-02-21,CL=F,76.16
2023-02-22,CL=F,73.95
2023-02-23,CL=F,75.39
2023-02-24,CL=F,76.32
2023-02-27,CL=F,75.68
2023-02-28,CL=F,77.05
2023-03-01,CL=F,77.69
2023-03-02,CL=F,78.16
2023-03-03,CL=F,79.68
2023-03-06,CL=F,80.46
2023-03-07,CL=F,77.58
2023-03-08,CL=F,76.66
2023-03-09,CL=F,75.72
2023-03-10,CL=F,76.68
2023-03-13,CL=F,74.8
2023-03-14,CL=F,71.33
2023-03-15,CL=F,67.61
2023-03-16,CL=F,68.35
2023-03-17,CL=F,66.74
2023-03-20,CL=F,67.64
2023-03-21,CL=F,69.33
2023-03-22,CL=F,70.9
2023-03-23,CL=F,69.96
2023-03-24,CL=F,69.26
2023-03-27,CL=F,72.81
2023-03-28,CL=F,73.2
2023-03-29,CL=F,72.97
2023-03-30,CL=F,74.37
2023-03-31,CL=F,75.67
2023-04-03,CL=F,80.42
2023-04-04,CL=F,80.71
2023-04-05,CL=F,80.61
2023-04-06,CL=F,80.7
2023-04-10,CL=F,79.74
2023-04-11,CL=F,81.53
2023-04-12,CL=F,83.26
2023-04-13,CL=F,82.16
2023-04-14,CL=F,82.52
2023-04-17,CL=F,80.83
2023-04-18,CL=F,80.86
2023-04-19,CL=F,79.16
2023-04-20,CL=F,77.29
2023-04-21,CL=F,77.87
2023-04-24,CL=F,78.76
2023-04-25,CL=F,77.07
2023-04-26,CL=F,74.3
2023-04-27,CL=F,74.76
2023-04-28,CL=F,76.78
2023-05-01,CL=F,75.66
2023-05-02,CL=F,71.66
2023-05-03,CL=F,68.6
2023-05-04,CL=F,68.56
2023-05-05,CL=F,71.34
2023-05-08,CL=F,73.16
2023-05-09,CL=F,73.71
2023-05-10,CL=F,72.56
2023-05-11,CL=F,70.87
2023-05-12,CL=F,70.04
2023-05-15,CL=F,71.11
2023-05-16,CL=F,70.86
2023-05-17,CL=F,72.83
2023-05-18,CL=F,71.86
2023-05-19,CL=F,71.55
2023-05-22,CL=F,71.99
2023-05-23,CL=F,72.91
2023-05-24,CL=F,74.34
2023-05-25,CL=F,71.83
2023-05-26,CL=F,72.67
2023-05-30,CL=F,69.46
2023-05-31,CL=F,68.09
2023-06-01,CL=F,70.1
2023-06-02,CL=F,71.74
2023-06-05,CL=F,72.15
2023-06-06,CL=F,71.74
2023-06-07,CL=F,72.53
2023-06-08,CL=F,71.29
2023-06-09,CL=F,70.17
2023-06-12,CL=F,67.12
2023-06-13,CL=F,69.42
2023-06-14,CL=F,68.27
2023-06-15,CL=F,70.62
2023-06-16,CL=F,71.78
2023-06-20,CL=F,70.5
2023-06-21,CL=F,72.53
2023-06-22,CL=F,69.51
2023-06-23,CL=F,69.16
2023-06-26,CL=F,69.37
2023-06-27,CL=F,67.7
2023-06-28,CL=F,69.56
2023-06-29,CL=F,69.86
2023-06-30,CL=F,70.64
2023-07-03,CL=F,69.79
2023-07-05,CL=F,71.79
2023-07-06,CL=F,71.8
2023-07-07,CL=F,73.86
2023-07-10,CL=F,72.99
2023-07-11,CL=F,74.83
2023-07-12,CL=F,75.75
2023-07-13,CL=F,76.89
2023-07-14,CL=F,75.42
2023-07-17,CL=F,74.15
2023-07-18,CL=F,75.75
2023-07-19,CL=F,75.35
2023-07-20,CL=F,75.63
2023-07-21,CL=F,77.07
2023-07-24,CL=F,78.74
2023-07-25,CL=F,79.63
2023-07-26,CL=F,78.78
2023-07-27,CL=F,80.09
2023-07-28,CL=F,80.58
2023-07-31,CL=F,81.8
2023-08-01,CL=F,81.37
2023-08-02,CL=F,79.49
2023-08-03,CL=F,81.55
2023-08-04,CL=F,82.82
2023-08-07,CL=F,81.94
2023-08-08,CL=F,82.92
2023-08-09,CL=F,84.4
2023-08-10,CL=F,82.82
2023-08-11,CL=F,83.19
2023-08-14,CL=F,82.51
2023-08-15,CL=F,80.99
2023-08-16,CL=F,79.38
2023-08-17,CL=F,80.39
2023-08-18,CL=F,81.25
2023-08-21,CL=F,80.72
2023-08-22,CL=F,80.35
2023-08-23,CL=F,78.89
2023-08-24,CL=F,79.05
2023-08-25,CL=F,79.83
2023-08-28,CL=F,80.1
2023-08-29,CL=F,81.16
2023-08-30,CL=F,81.63
2023-08-31,CL=F,83.63
2023-09-01,CL=F,85.55
2023-09-05,CL=F,86.69
2023-09-06,CL=F,87.54
2023-09-07,CL=F,86.87
2023-09-08,CL=F,87.51
2023-09-11,CL=F,87.29
2023-09-12,CL=F,88.84
2023-09-13,CL=F,88.52
2023-09-14,CL=F,90.16
2023-09-15,CL=F,90.77
2023-09-18,CL=F,91.48
2023-09-19,CL=F,91.2
2023-09-20,CL=F,90.28
2023-09-21,CL=F,89.63
2023-09-22,CL=F,90.03
2023-09-25,CL=F,89.68
2023-09-26,CL=F,90.39
2023-09-27,CL=F,93.68
2023-09-28,CL=F,91.71
2023-09-29,CL=F,90.79
2023-10-02,CL=F,88.82
2023-10-03,CL=F,89.23
2023-10-04,CL=F,84.22
2023-10-05,CL=F,82.31
2023-10-06,CL=F,82.79
2023-10-09,CL=F,86.38
2023-10-10,CL=F,85.97
2023-10-11,CL=F,83.49
2023-10-12,CL=F,82.91
2023-10-13,CL=F,87.69
2023-10-16,CL=F,86.66
2023-10-17,CL=F,86.66
2023-10-18,CL=F,88.32
2023-10-19,CL=F,89.37
2023-10-20,CL=F,88.75
2023-10-23,CL=F,85.49
2023-10-24,CL=F,83.74
2023-10-25,CL=F,85.39
2023-10-26,CL=F,83.21
2023-10-27,CL=F,85.54
2023-10-30,CL=F,82.31
2023-10-31,CL=F,81.02
2023-11-01,CL=F,80.44
2023-11-02,CL=F,82.46
2023-11-03,CL=F,80.51
2023-11-06,CL=F,80.82
2023-11-07,CL=F,77.37
2023-11-08,CL=F,75.33
2023-11-09,CL=F,75.74
2023-11-10,CL=F,77.17
2023-11-13,CL=F,78.26
2023-11-14,CL=F,78.26
2023-11-15,CL=F,76.66
2023-11-16,CL=F,72.9
2023-11-17,CL=F,75.89
2023-11-20,CL=F,77.6
2023-11-21,CL=F,77.77
2023-11-22,CL=F,77.1
2023-11-24,CL=F,75.54
2023-11-27,CL=F,74.86
2023-11-28,CL=F,76.41
2023-11-29,CL=F,77.86
2023-11-30,CL=F,75.96
2023-12-01,CL=F,74.07
2023-12-04,CL=F,73.04
2023-12-05,CL=F,72.32
2023-12-06,CL=F,69.38
2023-12-07,CL=F,69.34
2023-12-08,CL=F,71.23
2023-12-11,CL=F,71.32
2023-12-12,CL=F,68.61
2023-12-13,CL=F,69.47
2023-12-14,CL=F,71.58
2023-12-15,CL=F,71.43
2023-12-18,CL=F,72.47
2023-12-19,CL=F,73.44
2023-12-20,CL=F,74.22
2023-12-21,CL=F,73.89
2023-12-22,CL=F,73.56
2023-12-26,CL=F,75.57
2023-12-27,CL=F,74.11
2023-12-28,CL=F,71.77
2023-12-29,CL=F,71.65
2024-01-02,CL=F,70.38
2024-01-03,CL=F,72.7
2024-01-04,CL=F,72.19
2024-01-05,CL=F,73.81
2024-01-08,CL=F,70.77
2024-01-09,CL=F,72.24
2024-01-10,CL=F,71.37
2024-01-11,CL=F,72.02
2024-01-12,CL=F,72.68
2024-01-16,CL=F,72.4
2024-01-17,CL=F,72.56
2024-01-18,CL=F,74.08
2024-01-19,CL=F,73.41
2024-01-22,CL=F,75.19
2024-01-23,CL=F,74.37
2024-01-24,CL=F,75.09
2024-01-25,CL=F,77.36
2024-01-26,CL=F,78.01
2024-01-29,CL=F,76.78
2024-01-30,CL=F,77.82
2024-01-31,CL=F,75.85
2024-02-01,CL=F,73.82
2024-02-02,CL=F,72.28
2024-02-05,CL=F,72.78
2024-02-06,CL=F,73.31
2024-02-07,CL=F,73.86
2024-02-08,CL=F,76.22
2024-02-09,CL=F,76.84
2024-02-12,CL=F,76.92
2024-02-13,CL=F,77.87
2024-02-14,CL=F,76.64
2024-02-15,CL=F,78.03
2024-02-16,CL=F,79.19
2024-02-20,CL=F,78.18
2024-02-21,CL=F,77.91
2024-02-22,CL=F,78.61
2024-02-23,CL=F,76.49
2024-02-26,CL=F,77.58
2024-02-27,CL=F,78.87
2024-02-28,CL=F,78.54
2024-02-29,CL=F,78.26
2024-03-01,CL=F,79.97
2024-03-04,CL=F,78.74
2024-03-05,CL=F,78.15
2024-03-06,CL=F,79.13
2024-03-07,CL=F,78.93
2024-03-08,CL=F,78.01
2024-03-11,CL=F,77.93
2024-03-12,CL=F,77.56
2024-03-13,CL=F,79.72
2024-03-14,CL=F,81.26
2024-03-15,CL=F,81.04
2024-03-18,CL=F,82.72
2024-03-19,CL=F,83.47
2024-03-20,CL=F,81.68
2024-03-21,CL=F,81.07
2024-03-22,CL=F,80.63
2024-03-25,CL=F,81.95
2024-03-26,CL=F,81.62
2024-03-27,CL=F,81.35
2024-03-28,CL=F,83.17
2024-04-01,CL=F,83.71
2024-04-02,CL=F,85.15
2024-04-03,CL=F,85.43
2024-04-04,CL=F,86.59
2024-04-05,CL=F,86.91
2024-04-08,CL=F,86.43
2024-04-09,CL=F,85.23
2024-04-10,CL=F,86.21
2024-04-11,CL=F,85.02
2024-04-12,CL=F,85.66
2024-04-15,CL=F,85.41
2024-04-16,CL=F,85.36
2024-04-17,CL=F,82.69
2024-04-18,CL=F,82.73
2024-04-19,CL=F,83.14
2024-04-22,CL=F,82.85
2024-04-23,CL=F,83.36
2024-04-24,CL=F,82.81
2024-04-25,CL=F,83.57
2024-04-26,CL=F,83.85
2024-04-29,CL=F,82.63
2024-04-30,CL=F,81.93
2024-05-01,CL=F,79.0
2024-05-02,CL=F,78.95
2024-05-03,CL=F,78.11
2024-05-06,CL=F,78.48
2024-05-07,CL=F,78.38
2024-05-08,CL=F,78.99
2024-05-09,CL=F,79.26
2024-05-10,CL=F,78.26
2024-05-13,CL=F,79.12
2024-05-14,CL=F,78.02
2024-05-15,CL=F,78.63
2024-05-16,CL=F,79.23
2024-05-17,CL=F,80.06
2024-05-20,CL=F,79.8
2024-05-21,CL=F,79.26
2024-05-22,CL=F,77.57
2024-05-23,CL=F,76.87
2024-05-24,CL=F,77.72
2024-05-28,CL=F,79.83
2024-05-29,CL=F,79.23
2024-05-30,CL=F,77.91
2024-05-31,CL=F,76.99
2024-06-03,CL=F,74.22
2024-06-04,CL=F,73.25
2024-06-05,CL=F,74.07
2024-06-06,CL=F,75.55
2024-06-07,CL=F,75.53
2024-06-10,CL=F,77.74
2024-06-11,CL=F,77.9
2024-06-12,CL=F,78.5
2024-06-13,CL=F,78.62
2024-06-14,CL=F,78.45
2024-06-17,CL=F,80.33
2024-06-18,CL=F,81.57
2024-06-20,CL=F,82.17
2024-06-21,CL=F,80.73
2024-06-24,CL=F,81.63
2024-06-25,CL=F,80.83
2024-06-26,CL=F,80.9
2024-06-27,CL=F,81.74
2024-06-28,CL=F,81.54
2024-07-01,CL=F,83.38
2024-07-02,CL=F,82.81
2024-07-03,CL=F,83.88
2024-07-05,CL=F,83.16
2024-07-08,CL=F,82.33
2024-07-09,CL=F,81.41
2024-07-10,CL=F,82.1
2024-07-11,CL=F,82.62
2024-07-12,CL=F,82.21
2024-07-15,CL=F,81.91
2024-07-16,CL=F,80.76
2024-07-17,CL=F,82.85
2024-07-18,CL=F,82.82
2024-07-19,CL=F,80.13
2024-07-22,CL=F,79.78
2024-07-23,CL=F,76.96
2024-07-24,CL=F,77.59
2024-07-25,CL=F,78.28
2024-07-26,CL=F,77.16
2024-07-29,CL=F,75.81
2024-07-30,CL=F,74.73
2024-07-31,CL=F,77.91
2024-08-01,CL=F,76.31
2024-08-02,CL=F,73.52
2024-08-05,CL=F,72.94
2024-08-06,CL=F,73.2
2024-08-07,CL=F,75.23
2024-08-08,CL=F,76.19
2024-08-09,CL=F,76.84
2024-08-12,CL=F,80.06
2024-08-13,CL=F,78.35
2024-08-14,CL=F,76.98
2024-08-15,CL=F,78.16
2024-08-16,CL=F,76.65
2024-08-19,CL=F,74.37
2024-08-20,CL=F,74.04
2024-08-21,CL=F,71.93
2024-08-22,CL=F,73.01
2024-08-23,CL=F,74.83
2024-08-26,CL=F,77.42
2024-08-27,CL=F,75.53
2024-08-28,CL=F,74.52
2024-08-29,CL=F,75.91
2024-08-30,CL=F,73.55
2024-09-03,CL=F,70.34
2024-09-04,CL=F,69.2
2024-09-05,CL=F,69.15
2024-09-06,CL=F,67.67
2024-09-09,CL=F,68.71
2024-09-10,CL=F,65.75
2024-09-11,CL=F,67.31
2024-09-12,CL=F,68.97
2024-09-13,CL=F,68.65
2024-09-16,CL=F,70.09
2024-09-17,CL=F,71.19
2024-09-18,CL=F,70.91
2024-09-19,CL=F,71.95
2024-09-20,CL=F,71.92
2024-09-23,CL=F,70.37
2024-09-24,CL=F,71.56
2024-09-25,CL=F,69.69
2024-09-26,CL=F,67.67
2024-09-27,CL=F,68.18
2024-09-30,CL=F,68.17
2024-10-01,CL=F,69.83
2024-10-02,CL=F,70.1
2024-10-03,CL=F,73.71
2024-10-04,CL=F,74.38
2024-10-07,CL=F,77.14
2024-10-08,CL=F,73.57
2024-10-09,CL=F,73.24
2024-10-10,CL=F,75.85
2024-10-11,CL=F,75.56
2024-10-14,CL=F,73.83
2024-10-15,CL=F,70.58
2024-10-16,CL=F,70.39
2024-10-17,CL=F,70.67
2024-10-18,CL=F,69.22
2024-10-21,CL=F,70.56
2024-10-22,CL=F,72.09
2024-10-23,CL=F,70.77
2024-10-24,CL=F,70.19
2024-10-25,CL=F,71.78
2024-10-28,CL=F,67.38
2024-10-29,CL=F,67.21
2024-10-30,CL=F,68.61
2024-10-31,CL=F,69.26
2024-11-01,CL=F,69.49
2024-11-04,CL=F,71.47
2024-11-05,CL=F,71.99
2024-11-06,CL=F,71.69
2024-11-07,CL=F,72.36
2024-11-08,CL=F,70.38
2024-11-11,CL=F,68.04
2024-11-12,CL=F,68.12
2024-11-13,CL=F,68.43
2024-11-14,CL=F,68.7
2024-11-15,CL=F,67.02
2024-11-18,CL=F,69.16
2024-11-19,CL=F,69.39
2024-11-20,CL=F,68.87
2024-11-21,CL=F,70.1
2024-11-22,CL=F,71.24
2024-11-25,CL=F,68.94
2024-11-26,CL=F,68.77
2024-11-27,CL=F,68.72
2024-11-29,CL=F,68.0
2024-12-02,CL=F,68.1
2024-12-03,CL=F,69.94
2024-12-04,CL=F,68.54
2024-12-05,CL=F,68.3
2024-12-06,CL=F,67.2
2024-12-09,CL=F,68.37
2024-12-10,CL=F,68.59
2024-12-11,CL=F,70.29
2024-12-12,CL=F,70.02
2024-12-13,CL=F,71.29
2024-12-16,CL=F,70.71
2024-12-17,CL=F,70.08
2024-12-18,CL=F,70.58
2024-12-19,CL=F,69.91
2024-12-20,CL=F,69.46
2024-12-23,CL=F,69.24
2024-12-24,CL=F,70.1
2024-12-26,CL=F,69.62
2024-12-27,CL=F,70.6
2024-12-30,CL=F,70.99
2024-12-31,CL=F,71.72
2025-01-02,CL=F,73.13
2025-01-03,CL=F,73.96
2025-01-06,CL=F,73.56
2025-01-07,CL=F,74.25
2025-01-08,CL=F,73.32
2025-01-09,CL=F,73.92
2025-01-10,CL=F,76.57
2025-01-13,CL=F,78.82
2025-01-14,CL=F,77.5
2025-01-15,CL=F,80.04
2025-01-16,CL=F,78.68
2025-01-17,CL=F,77.88
2025-01-21,CL=F,75.89
2025-01-22,CL=F,75.44
2025-01-23,CL=F,74.62
2025-01-24,CL=F,74.66
2025-01-27,CL=F,73.17
2025-01-28,CL=F,73.77
2025-01-29,CL=F,72.62
2025-01-30,CL=F,72.73
2025-01-31,CL=F,72.53
2025-02-03,CL=F,73.16
2025-02-04,CL=F,72.7
2025-02-05,CL=F,71.03
2025-02-06,CL=F,70.61
2025-02-07,CL=F,71.0
2025-02-10,CL=F,72.32
2025-02-11,CL=F,73.32
2025-02-12,CL=F,71.37
2025-02-13,CL=F,71.29
2025-02-14,CL=F,70.74
2025-02-18,CL=F,71.85
2025-02-19,CL=F,72.25
2025-02-20,CL=F,72.57
2025-02-21,CL=F,70.4
2025-02-24,CL=F,70.7
2025-02-25,CL=F,68.93
2025-02-26,CL=F,68.62
2025-02-27,CL=F,70.35
2025-02-28,CL=F,69.76
2025-03-03,CL=F,68.37
2025-03-04,CL=F,68.26
2025-03-05,CL=F,66.31
2025-03-06,CL=F,66.36
2025-03-07,CL=F,67.04
2025-03-10,CL=F,66.03
2025-03-11,CL=F,66.25
2025-03-12,CL=F,67.68
2025-03-13,CL=F,66.55
2025-03-14,CL=F,67.18
2025-03-17,CL=F,67.58
2025-03-18,CL=F,66.9
2025-03-19,CL=F,67.16
2025-03-20,CL=F,68.26
2025-03-21,CL=F,68.28
2025-03-24,CL=F,69.11
2025-03-25,CL=F,69.0
2025-03-26,CL=F,69.65
2025-03-27,CL=F,69.92
2025-03-28,CL=F,69.36
2025-03-31,CL=F,71.48
2025-04-01,CL=F,71.2
2025-04-02,CL=F,71.71
2025-04-03,CL=F,66.95
2025-04-04,CL=F,61.99
2025-04-07,CL=F,60.7
2025-04-08,CL=F,59.58
2025-04-09,CL=F,62.35
2025-04-10,CL=F,60.07
2025-04-11,CL=F,61.5
2025-04-14,CL=F,61.53
2025-04-15,CL=F,61.33
2025-04-16,CL=F,62.47
2025-04-17,CL=F,64.68
2025-04-21,CL=F,63.08
2025-04-22,CL=F,64.31
2025-04-23,CL=F,62.27
2025-04-24,CL=F,62.79
2025-04-25,CL=F,63.02
2025-04-28,CL=F,62.05
2025-04-29,CL=F,60.42
2025-04-30,CL=F,58.21
2025-05-01,CL=F,59.24
2025-05-02,CL=F,58.29
2025-05-05,CL=F,57.13
2025-05-06,CL=F,59.09
2025-05-07,CL=F,58.07
2025-05-08,CL=F,59.91
2025-05-09,CL=F,61.02
2025-05-12,CL=F,61.95
2025-05-13,CL=F,63.67
2025-05-14,CL=F,63.15
2025-05-15,CL=F,61.62
2025-05-16,CL=F,62.49
2025-05-19,CL=F,62.69
2025-05-20,CL=F,62.56
2025-05-21,CL=F,61.57
2025-05-22,CL=F,61.2
2025-05-23,CL=F,61.53
2025-05-27,CL=F,60.89
2025-05-28,CL=F,61.84
2025-05-29,CL=F,60.94
2025-05-30,CL=F,60.79
2025-06-02,CL=F,62.52
2025-06-03,CL=F,63.41
2025-06-04,CL=F,62.85
2025-06-05,CL=F,63.37
2025-06-06,CL=F,64.58
2025-06-09,CL=F,65.29
2025-06-10,CL=F,64.98
2025-06-11,CL=F,68.15
2025-06-12,CL=F,68.04
2025-06-13,CL=F,72.98
2025-06-16,CL=F,71.77
2025-06-17,CL=F,74.84
2025-06-18,CL=F,75.14
2025-06-20,CL=F,74.93
2025-06-23,CL=F,68.51
2025-06-24,CL=F,64.37
2025-06-25,CL=F,64.92
2025-06-26,CL=F,65.24
2025-06-27,CL=F,65.52
2025-06-30,CL=F,65.11
2025-07-01,CL=F,65.45
2025-07-02,CL=F,67.45
2025-07-03,CL=F,67.0
2025-07-04,CL=F,66.5
2025-07-07,CL=F,67.93
2025-07-08,CL=F,68.33
2025-07-09,CL=F,68.38
2025-07-10,CL=F,66.57
2025-07-11,CL=F,68.45
2025-07-14,CL=F,66.98
2025-07-15,CL=F,66.52
2025-07-16,CL=F,66.38
2025-07-17,CL=F,67.54
2025-07-18,CL=F,67.34
2025-07-21,CL=F,67.2
2025-07-22,CL=F,66.21
2025-07-23,CL=F,65.25
2025-07-24,CL=F,66.03
2025-07-25,CL=F,65.16
2025-07-28,CL=F,66.71
2025-07-29,CL=F,69.21
2025-07-30,CL=F,70.0
2025-07-31,CL=F,69.26
2025-08-01,CL=F,67.33
2025-08-04,CL=F,66.29
2025-08-05,CL=F,65.16
2025-08-06,CL=F,64.35
2025-08-07,CL=F,63.88
2025-08-08,CL=F,63.88
2025-08-11,CL=F,63.96
2025-08-12,CL=F,63.17
2025-08-13,CL=F,62.65
2025-08-14,CL=F,63.96
2025-08-15,CL=F,62.8
2025-08-18,CL=F,63.42
2025-08-19,CL=F,62.35
2025-08-20,CL=F,63.21
2025-08-21,CL=F,63.52
2025-08-22,CL=F,63.66
2025-08-25,CL=F,64.8
2025-08-26,CL=F,63.25
2025-08-27,CL=F,64.15
2025-08-28,CL=F,64.6
2025-08-29,CL=F,64.01
2025-09-02,CL=F,65.59
2025-09-03,CL=F,63.97
2025-09-04,CL=F,63.48
2025-09-05,CL=F,61.87
2025-09-08,CL=F,62.26
2025-09-09,CL=F,62.63
2025-09-10,CL=F,63.67
2025-09-11,CL=F,62.37
2025-09-12,CL=F,62.69
2025-09-15,CL=F,63.3
2025-09-16,CL=F,64.52
2025-09-17,CL=F,64.05
2025-09-18,CL=F,63.57
2025-09-19,CL=F,62.68
2025-09-22,CL=F,62.64
2025-09-23,CL=F,63.41
2025-09-24,CL=F,64.99
2025-09-25,CL=F,64.98
2025-09-26,CL=F,65.72
2025-09-29,CL=F,63.45
2025-09-30,CL=F,62.37
2025-10-01,CL=F,61.78
2025-10-02,CL=F,60.48
2025-10-03,CL=F,60.88
2025-10-06,CL=F,61.69
2025-10-07,CL=F,61.73
2025-10-08,CL=F,62.55
2025-10-09,CL=F,61.51
2025-10-10,CL=F,58.9
2025-10-13,CL=F,59.49
2025-10-14,CL=F,58.7
2025-10-15,CL=F,58.27
2025-10-16,CL=F,57.46
2025-10-17,CL=F,57.54
2025-10-20,CL=F,57.52
2025-10-21,CL=F,57.82
2025-10-22,CL=F,58.5
2025-10-23,CL=F,61.79
2025-10-24,CL=F,61.5
2025-10-27,CL=F,61.31
2025-10-28,CL=F,60.15
2025-10-29,CL=F,60.48
2025-10-30,CL=F,60.57
2025-10-31,CL=F,60.98
2025-11-03,CL=F,61.05
2025-11-04,CL=F,60.56
2025-11-05,CL=F,59.6
2025-11-06,CL=F,59.43
2025-11-07,CL=F,59.75
2025-11-10,CL=F,60.13
2025-11-11,CL=F,61.04
2025-11-12,CL=F,58.49
2025-11-13,CL=F,58.69
2025-11-14,CL=F,60.09
2025-11-17,CL=F,59.91
2025-11-18,CL=F,60.74
2025-11-19,CL=F,59.44
2025-11-20,CL=F,59.14
2025-11-21,CL=F,58.06
2025-11-24,CL=F,58.84
2025-11-25,CL=F,57.95
2025-11-26,CL=F,58.65
2025-11-28,CL=F,58.55
2025-12-01,CL=F,59.32
2025-12-02,CL=F,58.64
2025-12-03,CL=F,58.95
2025-12-04,CL=F,59.67
2025-12-05,CL=F,60.08
2025-12-08,CL=F,58.88
2025-12-09,CL=F,58.25
2025-12-10,CL=F,58.46
2025-12-11,CL=F,57.6
2025-12-12,CL=F,57.44
2025-12-15,CL=F,56.82
2025-12-16,CL=F,55.27
2025-12-17,CL=F,55.94
2025-12-18,CL=F,56.15
2025-12-19,CL=F,56.66
2025-12-22,CL=F,58.01
2025-12-23,CL=F,58.38
2025-12-24,CL=F,58.35
2025-12-26,CL=F,56.74
2025-12-29,CL=F,58.08
2025-12-30,CL=F,57.95
2025-12-31,CL=F,57.42
2026-01-02,CL=F,57.32
2026-01-05,CL=F,58.32
2026-01-06,CL=F,57.13
2026-01-07,CL=F,55.99
2026-01-08,CL=F,57.76
2026-01-09,CL=F,59.12
2026-01-12,CL=F,59.5
2026-01-13,CL=F,61.15
2026-01-14,CL=F,62.02
2026-01-15,CL=F,59.19
2026-01-16,CL=F,59.44
2026-01-20,CL=F,60.34
2026-01-21,CL=F,60.62
2026-01-22,CL=F,59.36
2026-01-23,CL=F,61.07
2026-01-26,CL=F,60.63
2026-01-27,CL=F,62.39
2026-01-28,CL=F,63.21
2026-01-29,CL=F,65.42
2026-01-30,CL=F,65.21
2026-02-02,CL=F,62.14
2026-02-03,CL=F,63.21
2026-02-04,CL=F,65.14
2026-02-05,CL=F,63.29
2026-02-06,CL=F,63.55
2026-02-09,CL=F,64.36
2026-02-10,CL=F,63.96
2026-02-11,CL=F,64.63
2026-02-12,CL=F,62.84
2026-02-13,CL=F,62.89
2026-02-17,CL=F,62.33
2026-02-18,CL=F,65.19
2026-02-19,CL=F,66.43
2026-02-20,CL=F,66.39
2026-02-23,CL=F,66.31
2026-02-24,CL=F,65.63
2026-02-25,CL=F,65.42
2026-02-26,CL=F,65.21
2026-02-27,CL=F,67.02
2026-03-02,CL=F,71.23
2026-03-03,CL=F,74.56
2026-03-04,CL=F,74.66
2026-03-05,CL=F,81.01
2026-03-06,CL=F,90.9
2026-03-09,CL=F,94.77
2026-03-10,CL=F,83.45
2026-03-11,CL=F,87.25
2026-03-12,CL=F,95.73
2026-03-13,CL=F,98.71
2026-03-16,CL=F,93.5
2026-03-17,CL=F,96.21
2026-03-18,CL=F,96.32
2026-03-19,CL=F,96.14
2026-03-20,CL=F,98.32
2026-03-23,CL=F,88.13
2026-03-24,CL=F,92.35
2026-03-25,CL=F,90.32
2026-03-26,CL=F,94.48
2026-03-27,CL=F,99.64
2026-03-30,CL=F,102.88
2026-03-31,CL=F,101.38
2026-04-01,CL=F,100.12
2026-04-02,CL=F,111.54
2026-04-06,CL=F,112.41
2026-04-07,CL=F,112.95
2026-04-08,CL=F,94.41
2026-04-09,CL=F,97.87
2026-04-10,CL=F,96.57
2026-04-13,CL=F,99.08
2026-04-14,CL=F,91.28
2026-04-15,CL=F,91.29
2026-04-16,CL=F,94.69
2026-04-17,CL=F,83.85
2026-04-20,CL=F,89.61
2026-04-21,CL=F,92.13
2026-04-22,CL=F,92.96
2026-04-23,CL=F,95.85
2026-04-24,CL=F,94.4
2026-04-27,CL=F,96.37
2026-04-28,CL=F,99.93
2026-04-29,CL=F,106.88
2026-04-30,CL=F,105.07
2026-05-01,CL=F,101.94
2026-05-04,CL=F,106.42
2026-05-05,CL=F,102.27
2026-05-06,CL=F,95.08
2026-05-07,CL=F,94.81
2026-05-08,CL=F,95.42
2026-05-11,CL=F,98.07
2026-05-12,CL=F,102.18
2026-05-13,CL=F,101.02
2026-05-14,CL=F,101.17
2026-05-15,CL=F,105.42
2026-05-18,CL=F,108.66
2026-05-19,CL=F,107.77
2026-05-20,CL=F,98.26
2026-05-21,CL=F,96.35
2026-05-22,CL=F,96.6
2026-05-26,CL=F,93.89
2026-05-27,CL=F,88.68
2026-05-28,CL=F,88.9
2026-05-29,CL=F,87.36
2026-06-01,CL=F,92.16
2026-06-02,CL=F,93.76
2026-06-03,CL=F,96.02
2026-06-04,CL=F,93.04
2026-06-05,CL=F,90.54
2026-06-08,CL=F,91.3
2026-06-09,CL=F,88.2
2026-06-10,CL=F,90.03
2026-06-11,CL=F,87.71
2026-06-12,CL=F,84.88
2026-06-15,CL=F,80.75
2026-06-16,CL=F,76.05
2026-06-17,CL=F,76.79
2026-06-18,CL=F,76.6
2026-06-22,CL=F,74.82
2026-06-23,CL=F,73.21
2026-06-24,CL=F,70.34
2026-06-25,CL=F,71.92
2026-06-26,CL=F,69.23
2026-06-29,CL=F,70.75
2026-06-30,CL=F,69.5
2026-07-01,CL=F,68.58
2026-07-02,CL=F,68.69
2026-07-06,CL=F,68.55
2026-07-07,CL=F,70.44
2026-07-08,CL=F,73.52
2026-07-09,CL=F,72.08
2026-07-10,CL=F,71.41
2026-07-13,CL=F,78.14
2026-07-14,CL=F,79.34
2026-07-15,CL=F,79.6
2026-07-16,CL=F,78.95
2026-07-17,CL=F,82.49
2026-07-20,CL=F,83.23
2026-07-21,CL=F,84.91
2026-07-22,CL=F,86.83
2026-07-23,CL=F,92.19
2026-07-24,CL=F,89.31
2026-07-27,CL=F,82.61
2026-07-28,CL=F,79.26
2026-07-29,CL=F,84.46
2026-07-30,CL=F,83.59
2026-07-31,CL=F,84.67
2026-08-03,CL=F,80.34
2026-08-04,CL=F,75.77
2026-08-05,CL=F,75.22
2026-08-06,CL=F,77.29
2026-08-07,CL=F,78.18
2026-08-10,CL=F,82.13
2026-08-11,CL=F,83.2
2026-08-12,CL=F,83.27
2026-08-13,CL=F,81.25
2026-08-14,CL=F,82.4
2026-08-17,CL=F,84.5
2026-08-18,CL=F,84.94
2026-08-19,CL=F,85.83
2026-08-20,CL=F,87.83
2026-08-21,CL=F,87.06
2026-08-24,CL=F,85.01
2026-08-25,CL=F,82.36
2026-08-26,CL=F,82.23
2026-08-27,CL=F,83.53
2026-08-28,CL=F,83.4
2026-08-31,CL=F,85.76
2026-09-01,CL=F,90.22
2026-09-02,CL=F,91.01
2026-09-03,CL=F,91.3
2026-09-04,CL=F,91.48
2026-09-08,CL=F,93.03
2026-09-09,CL=F,96.05
2026-09-10,CL=F,102.48
2026-09-11,CL=F,100.05
2026-09-14,CL=F,101.39
2026-09-15,CL=F,105.83
2026-09-16,CL=F,102.43
2026-09-17,CL=F,101.91
2026-09-18,CL=F,100.3
2026-09-21,CL=F,95.78
2026-09-22,CL=F,94.59
2026-09-23,CL=F,92.16
2026-09-24,CL=F,94.61
2026-09-25,CL=F,92.41
2026-09-28,CL=F,92.6
2026-09-29,CL=F,89.38
2026-09-30,CL=F,90.61
2021-01-04,HO=F,1.462
2021-01-05,HO=F,1.5189
2021-01-06,HO=F,1.5287
2021-01-07,HO=F,1.5381
2021-01-08,HO=F,1.5795
2021-01-11,HO=F,1.5735
2021-01-12,HO=F,1.5967
2021-01-13,HO=F,1.5989
2021-01-14,HO=F,1.6194
2021-01-15,HO=F,1.5929
2021-01-19,HO=F,1.5987
2021-01-20,HO=F,1.6004
2021-01-21,HO=F,1.6006
2021-01-22,HO=F,1.576
2021-01-25,HO=F,1.5939
2021-01-26,HO=F,1.5984
2021-01-27,HO=F,1.6089
2021-01-28,HO=F,1.6017
2021-01-29,HO=F,1.6004
2021-02-01,HO=F,1.6469
2021-02-02,HO=F,1.6746
2021-02-03,HO=F,1.6905
2021-02-04,HO=F,1.7005
2021-02-05,HO=F,1.7137
2021-02-08,HO=F,1.7478
2021-02-09,HO=F,1.7567
2021-02-10,HO=F,1.761
2021-02-11,HO=F,1.7446
2021-02-12,HO=F,1.7714
2021-02-16,HO=F,1.8144
2021-02-17,HO=F,1.8377
2021-02-18,HO=F,1.8364
2021-02-19,HO=F,1.8229
2021-02-22,HO=F,1.8586
2021-02-23,HO=F,1.868
2021-02-24,HO=F,1.9083
2021-02-25,HO=F,1.9066
2021-02-26,HO=F,1.8565
2021-03-01,HO=F,1.8192
2021-03-02,HO=F,1.8081
2021-03-03,HO=F,1.8357
2021-03-04,HO=F,1.896
2021-03-05,HO=F,1.944
2021-03-08,HO=F,1.9085
2021-03-09,HO=F,1.9073
2021-03-10,HO=F,1.9173
2021-03-11,HO=F,1.9594
2021-03-12,HO=F,1.9675
2021-03-15,HO=F,1.9489
2021-03-16,HO=F,1.9327
2021-03-17,HO=F,1.9061
2021-03-18,HO=F,1.7842
2021-03-19,HO=F,1.8223
2021-03-22,HO=F,1.8293
2021-03-23,HO=F,1.7489
2021-03-24,HO=F,1.8256
2021-03-25,HO=F,1.7478
2021-03-26,HO=F,1.81
2021-03-29,HO=F,1.8098
2021-03-30,HO=F,1.7892
2021-03-31,HO=F,1.7713
2021-04-01,HO=F,1.8316
2021-04-05,HO=F,1.7724
2021-04-06,HO=F,1.7941
2021-04-07,HO=F,1.8079
2021-04-08,HO=F,1.8098
2021-04-09,HO=F,1.8076
2021-04-12,HO=F,1.808
2021-04-13,HO=F,1.8145
2021-04-14,HO=F,1.89
2021-04-15,HO=F,1.8989
2021-04-16,HO=F,1.8957
2021-04-19,HO=F,1.8925
2021-04-20,HO=F,1.8801
2021-04-21,HO=F,1.8537
2021-04-22,HO=F,1.8608
2021-04-23,HO=F,1.8735
2021-04-26,HO=F,1.8785
2021-04-27,HO=F,1.9057
2021-04-28,HO=F,1.9386
2021-04-29,HO=F,1.9614
2021-04-30,HO=F,1.9211
2021-05-03,HO=F,1.9519
2021-05-04,HO=F,1.9988
2021-05-05,HO=F,2.0025
2021-05-06,HO=F,1.9895
2021-05-07,HO=F,2.0106
2021-05-10,HO=F,2.0166
2021-05-11,HO=F,2.0417
2021-05-12,HO=F,2.0695
2021-05-13,HO=F,2.0009
2021-05-14,HO=F,2.0362
2021-05-17,HO=F,2.0604
2021-05-18,HO=F,2.0564
2021-05-19,HO=F,2.0071
2021-05-20,HO=F,1.9644
2021-05-21,HO=F,1.9882
2021-05-24,HO=F,2.042
2021-05-25,HO=F,2.0354
2021-05-26,HO=F,2.0452
2021-05-27,HO=F,2.0564
2021-05-28,HO=F,2.0445
2021-06-01,HO=F,2.0715
2021-06-02,HO=F,2.1071
2021-06-03,HO=F,2.1017
2021-06-04,HO=F,2.1199
2021-06-07,HO=F,2.1156
2021-06-08,HO=F,2.135
2021-06-09,HO=F,2.1295
2021-06-10,HO=F,2.1434
2021-06-11,HO=F,2.1207
2021-06-14,HO=F,2.1116
2021-06-15,HO=F,2.1123
2021-06-16,HO=F,2.1034
2021-06-17,HO=F,2.0668
2021-06-18,HO=F,2.0932
2021-06-21,HO=F,2.1268
2021-06-22,HO=F,2.151
2021-06-23,HO=F,2.1594
2021-06-24,HO=F,2.1623
2021-06-25,HO=F,2.1493
2021-06-28,HO=F,2.1182
2021-06-29,HO=F,2.1219
2021-06-30,HO=F,2.1287
2021-07-01,HO=F,2.1562
2021-07-02,HO=F,2.1791
2021-07-06,HO=F,2.1049
2021-07-07,HO=F,2.0891
2021-07-08,HO=F,2.1204
2021-07-09,HO=F,2.1552
2021-07-12,HO=F,2.1498
2021-07-13,HO=F,2.1844
2021-07-14,HO=F,2.1435
2021-07-15,HO=F,2.1126
2021-07-16,HO=F,2.1133
2021-07-19,HO=F,1.9852
2021-07-20,HO=F,2.0127
2021-07-21,HO=F,2.087
2021-07-22,HO=F,2.1326
2021-07-23,HO=F,2.1339
2021-07-26,HO=F,2.151
2021-07-27,HO=F,2.1439
2021-07-28,HO=F,2.156
2021-07-29,HO=F,2.1894
2021-07-30,HO=F,2.1994
2021-08-02,HO=F,2.1358
2021-08-03,HO=F,2.1264
2021-08-04,HO=F,2.0741
2021-08-05,HO=F,2.106
2021-08-06,HO=F,2.0845
2021-08-09,HO=F,2.0421
2021-08-10,HO=F,2.0802
2021-08-11,HO=F,2.1058
2021-08-12,HO=F,2.1039
2021-08-13,HO=F,2.0779
2021-08-16,HO=F,2.0483
2021-08-17,HO=F,2.0361
2021-08-18,HO=F,2.0212
2021-08-19,HO=F,1.969
2021-08-20,HO=F,1.9082
2021-08-23,HO=F,2.0051
2021-08-24,HO=F,2.0668
2021-08-25,HO=F,2.1182
2021-08-26,HO=F,2.0832
2021-08-27,HO=F,2.1092
2021-08-30,HO=F,2.1403
2021-08-31,HO=F,2.131
2021-09-01,HO=F,2.1289
2021-09-02,HO=F,2.1677
2021-09-03,HO=F,2.1594
2021-09-07,HO=F,2.1216
2021-09-08,HO=F,2.1364
2021-09-09,HO=F,2.1137
2021-09-10,HO=F,2.146
2021-09-13,HO=F,2.1583
2021-09-14,HO=F,2.1613
2021-09-15,HO=F,2.2053
2021-09-16,HO=F,2.211
2021-09-17,HO=F,2.2091
2021-09-20,HO=F,2.159
2021-09-21,HO=F,2.1738
2021-09-22,HO=F,2.2116
2021-09-23,HO=F,2.2491
2021-09-24,HO=F,2.2671
2021-09-27,HO=F,2.296
2021-09-28,HO=F,2.289
2021-09-29,HO=F,2.3075
2021-09-30,HO=F,2.3417
2021-10-01,HO=F,2.3827
2021-10-04,HO=F,2.4366
2021-10-05,HO=F,2.4936
2021-10-06,HO=F,2.442
2021-10-07,HO=F,2.4596
2021-10-08,HO=F,2.4737
2021-10-11,HO=F,2.515
2021-10-12,HO=F,2.51
2021-10-13,HO=F,2.5211
2021-10-14,HO=F,2.5614
2021-10-15,HO=F,2.5737
2021-10-18,HO=F,2.5492
2021-10-19,HO=F,2.5607
2021-10-20,HO=F,2.5923
2021-10-21,HO=F,2.5491
2021-10-22,HO=F,2.5389
2021-10-25,HO=F,2.5647
2021-10-26,HO=F,2.5773
2021-10-27,HO=F,2.5148
2021-10-28,HO=F,2.5165
2021-10-29,HO=F,2.4964
2021-11-01,HO=F,2.5031
2021-11-02,HO=F,2.5082
2021-11-03,HO=F,2.4345
2021-11-04,HO=F,2.4066
2021-11-05,HO=F,2.4556
2021-11-08,HO=F,2.4671
2021-11-09,HO=F,2.5081
2021-11-10,HO=F,2.4521
2021-11-11,HO=F,2.4471
2021-11-12,HO=F,2.4037
2021-11-15,HO=F,2.3981
2021-11-16,HO=F,2.4309
2021-11-17,HO=F,2.3644
2021-11-18,HO=F,2.384
2021-11-19,HO=F,2.2934
2021-11-22,HO=F,2.3254
2021-11-23,HO=F,2.3843
2021-11-24,HO=F,2.383
2021-11-26,HO=F,2.0945
2021-11-29,HO=F,2.1521
2021-11-30,HO=F,2.0638
2021-12-01,HO=F,2.0771
2021-12-02,HO=F,2.1034
2021-12-03,HO=F,2.0984
2021-12-06,HO=F,2.1712
2021-12-07,HO=F,2.2246
2021-12-08,HO=F,2.2613
2021-12-09,HO=F,2.2503
2021-12-10,HO=F,2.2516
2021-12-13,HO=F,2.2328
2021-12-14,HO=F,2.2184
2021-12-15,HO=F,2.2204
2021-12-16,HO=F,2.2663
2021-12-17,HO=F,2.2199
2021-12-20,HO=F,2.173
2021-12-21,HO=F,2.2578
2021-12-22,HO=F,2.3078
2021-12-23,HO=F,2.3314
2021-12-27,HO=F,2.3535
2021-12-28,HO=F,2.3714
2021-12-29,HO=F,2.3778
2021-12-30,HO=F,2.3959
2021-12-31,HO=F,2.3301
2022-01-03,HO=F,2.3574
2022-01-04,HO=F,2.4095
2022-01-05,HO=F,2.4461
2022-01-06,HO=F,2.4777
2022-01-07,HO=F,2.4818
2022-01-10,HO=F,2.4876
2022-01-11,HO=F,2.5636
2022-01-12,HO=F,2.5942
2022-01-13,HO=F,2.6085
2022-01-14,HO=F,2.6343
2022-01-18,HO=F,2.674
2022-01-19,HO=F,2.6923
2022-01-20,HO=F,2.6718
2022-01-21,HO=F,2.6912
2022-01-24,HO=F,2.6274
2022-01-25,HO=F,2.6691
2022-01-26,HO=F,2.744
2022-01-27,HO=F,2.7945
2022-01-28,HO=F,2.7855
2022-01-31,HO=F,2.7592
2022-02-01,HO=F,2.7412
2022-02-02,HO=F,2.7689
2022-02-03,HO=F,2.8395
2022-02-04,HO=F,2.8751
2022-02-07,HO=F,2.8554
2022-02-08,HO=F,2.7926
2022-02-09,HO=F,2.8249
2022-02-10,HO=F,2.8272
2022-02-11,HO=F,2.9109
2022-02-14,HO=F,2.9618
2022-02-15,HO=F,2.8595
2022-02-16,HO=F,2.8575
2022-02-17,HO=F,2.7862
2022-02-18,HO=F,2.7815
2022-02-22,HO=F,2.8188
2022-02-23,HO=F,2.8292
2022-02-24,HO=F,2.8969
2022-02-25,HO=F,2.8495
2022-02-28,HO=F,3.0134
2022-03-01,HO=F,3.1511
2022-03-02,HO=F,3.4947
2022-03-03,HO=F,3.5034
2022-03-04,HO=F,3.7763
2022-03-07,HO=F,3.9215
2022-03-08,HO=F,4.4373
2022-03-09,HO=F,3.4643
2022-03-10,HO=F,3.2962
2022-03-11,HO=F,3.4176
2022-03-14,HO=F,3.2763
2022-03-15,HO=F,3.0297
2022-03-16,HO=F,3.1001
2022-03-17,HO=F,3.4874
2022-03-18,HO=F,3.5981
2022-03-21,HO=F,3.8009
2022-03-22,HO=F,3.8642
2022-03-23,HO=F,4.1148
2022-03-24,HO=F,4.1534
2022-03-25,HO=F,4.1146
2022-03-28,HO=F,3.7834
2022-03-29,HO=F,3.7161
2022-03-30,HO=F,3.8085
2022-03-31,HO=F,3.6912
2022-04-01,HO=F,3.424
2022-04-04,HO=F,3.5461
2022-04-05,HO=F,3.4682
2022-04-06,HO=F,3.3452
2022-04-07,HO=F,3.2678
2022-04-08,HO=F,3.3176
2022-04-11,HO=F,3.2677
2022-04-12,HO=F,3.4644
2022-04-13,HO=F,3.7184
2022-04-14,HO=F,3.8548
2022-04-18,HO=F,3.8908
2022-04-19,HO=F,3.8619
2022-04-20,HO=F,3.9731
2022-04-21,HO=F,3.9008
2022-04-22,HO=F,3.9386
2022-04-25,HO=F,4.0909
2022-04-26,HO=F,4.4679
2022-04-27,HO=F,4.6743
2022-04-28,HO=F,5.1354
2022-04-29,HO=F,4.7817
2022-05-02,HO=F,4.2049
2022-05-03,HO=F,4.0827
2022-05-04,HO=F,4.197
2022-05-05,HO=F,4.0413
2022-05-06,HO=F,3.9543
2022-05-09,HO=F,3.8349
2022-05-10,HO=F,3.9322
2022-05-11,HO=F,3.9512
2022-05-12,HO=F,3.9161
2022-05-13,HO=F,3.9212
2022-05-16,HO=F,3.9075
2022-05-17,HO=F,3.7993
2022-05-18,HO=F,3.6681
2022-05-19,HO=F,3.792
2022-05-20,HO=F,3.7391
2022-05-23,HO=F,3.7688
2022-05-24,HO=F,3.7818
2022-05-25,HO=F,3.8664
2022-05-26,HO=F,3.968
2022-05-27,HO=F,4.0029
2022-05-31,HO=F,4.0909
2022-06-01,HO=F,4.1433
2022-06-02,HO=F,4.2084
2022-06-03,HO=F,4.2803
2022-06-06,HO=F,4.3601
2022-06-07,HO=F,4.3206
2022-06-08,HO=F,4.3143
2022-06-09,HO=F,4.4037
2022-06-10,HO=F,4.3667
2022-06-13,HO=F,4.2834
2022-06-14,HO=F,4.394
2022-06-15,HO=F,4.547
2022-06-16,HO=F,4.5713
2022-06-17,HO=F,4.3398
2022-06-21,HO=F,4.3584
2022-06-22,HO=F,4.4046
2022-06-23,HO=F,4.3379
2022-06-24,HO=F,4.3629
2022-06-27,HO=F,4.2302
2022-06-28,HO=F,4.1994
2022-06-29,HO=F,4.0367
2022-06-30,HO=F,3.8982
2022-07-01,HO=F,3.9389
2022-07-05,HO=F,3.6016
2022-07-06,HO=F,3.4106
2022-07-07,HO=F,3.6739
2022-07-08,HO=F,3.6729
2022-07-11,HO=F,3.7681
2022-07-12,HO=F,3.6626
2022-07-13,HO=F,3.6659
2022-07-14,HO=F,3.6494
2022-07-15,HO=F,3.699
2022-07-18,HO=F,3.6555
2022-07-19,HO=F,3.6268
2022-07-20,HO=F,3.6043
2022-07-21,HO=F,3.5903
2022-07-22,HO=F,3.4556
2022-07-25,HO=F,3.5166
2022-07-26,HO=F,3.5839
2022-07-27,HO=F,3.7173
2022-07-28,HO=F,3.6863
2022-07-29,HO=F,3.6247
2022-08-01,HO=F,3.44
2022-08-02,HO=F,3.3804
2022-08-03,HO=F,3.4148
2022-08-04,HO=F,3.3372
2022-08-05,HO=F,3.2159
2022-08-08,HO=F,3.1791
2022-08-09,HO=F,3.3338
2022-08-10,HO=F,3.4103
2022-08-11,HO=F,3.484
2022-08-12,HO=F,3.5178
2022-08-15,HO=F,3.4403
2022-08-16,HO=F,3.4802
2022-08-17,HO=F,3.6174
2022-08-18,HO=F,3.6497
2022-08-19,HO=F,3.7005
2022-08-22,HO=F,3.7762
2022-08-23,HO=F,3.8419
2022-08-24,HO=F,4.0132
2022-08-25,HO=F,3.9491
2022-08-26,HO=F,4.0076
2022-08-29,HO=F,3.9099
2022-08-30,HO=F,3.8171
2022-08-31,HO=F,3.7154
2022-09-01,HO=F,3.5612
2022-09-02,HO=F,3.578
2022-09-06,HO=F,3.5738
2022-09-07,HO=F,3.586
2022-09-08,HO=F,3.5401
2022-09-09,HO=F,3.5787
2022-09-12,HO=F,3.6031
2022-09-13,HO=F,3.5413
2022-09-14,HO=F,3.3789
2022-09-15,HO=F,3.2052
2022-09-16,HO=F,3.1725
2022-09-19,HO=F,3.3108
2022-09-20,HO=F,3.3722
2022-09-21,HO=F,3.3338
2022-09-22,HO=F,3.4115
2022-09-23,HO=F,3.2371
2022-09-26,HO=F,3.1291
2022-09-27,HO=F,3.2599
2022-09-28,HO=F,3.4494
2022-09-29,HO=F,3.4146
2022-09-30,HO=F,3.369
2022-10-03,HO=F,3.3691
2022-10-04,HO=F,3.5358
2022-10-05,HO=F,3.6869
2022-10-06,HO=F,3.8649
2022-10-07,HO=F,4.0187
2022-10-10,HO=F,3.9147
2022-10-11,HO=F,3.9308
2022-10-12,HO=F,3.9328
2022-10-13,HO=F,4.0948
2022-10-14,HO=F,3.9802
2022-10-17,HO=F,4.0852
2022-10-18,HO=F,3.9935
2022-10-19,HO=F,3.9043
2022-10-20,HO=F,3.7568
2022-10-21,HO=F,3.8323
2022-10-24,HO=F,3.9201
2022-10-25,HO=F,3.9672
2022-10-26,HO=F,4.1201
2022-10-27,HO=F,4.3339
2022-10-28,HO=F,4.5498
2022-10-31,HO=F,4.1909
2022-11-01,HO=F,3.6211
2022-11-02,HO=F,3.6774
2022-11-03,HO=F,3.8653
2022-11-04,HO=F,3.9148
2022-11-07,HO=F,3.7811
2022-11-08,HO=F,3.7707
2022-11-09,HO=F,3.6563
2022-11-10,HO=F,3.5694
2022-11-11,HO=F,3.5553
2022-11-14,HO=F,3.544
2022-11-15,HO=F,3.6413
2022-11-16,HO=F,3.6136
2022-11-17,HO=F,3.5248
2022-11-18,HO=F,3.5181
2022-11-21,HO=F,3.4973
2022-11-22,HO=F,3.4713
2022-11-23,HO=F,3.3593
2022-11-25,HO=F,3.2391
2022-11-28,HO=F,3.2154
2022-11-29,HO=F,3.2959
2022-11-30,HO=F,3.3629
2022-12-01,HO=F,3.2624
2022-12-02,HO=F,3.1685
2022-12-05,HO=F,2.9998
2022-12-06,HO=F,2.9155
2022-12-07,HO=F,2.7805
2022-12-08,HO=F,2.8798
2022-12-09,HO=F,2.7937
2022-12-12,HO=F,2.9685
2022-12-13,HO=F,3.0922
2022-12-14,HO=F,3.2768
2022-12-15,HO=F,3.2834
2022-12-16,HO=F,3.1199
2022-12-19,HO=F,3.0535
2022-12-20,HO=F,3.0589
2022-12-21,HO=F,3.1395
2022-12-22,HO=F,3.1314
2022-12-23,HO=F,3.2661
2022-12-27,HO=F,3.3537
2022-12-28,HO=F,3.3778
2022-12-29,HO=F,3.313
2022-12-30,HO=F,3.3622
2023-01-03,HO=F,3.0865
2023-01-04,HO=F,2.9719
2023-01-05,HO=F,2.9723
2023-01-06,HO=F,3.0045
2023-01-09,HO=F,3.036
2023-01-10,HO=F,3.1357
2023-01-11,HO=F,3.2179
2023-01-12,HO=F,3.219
2023-01-13,HO=F,3.2559
2023-01-17,HO=F,3.251
2023-01-18,HO=F,3.263
2023-01-19,HO=F,3.3759
2023-01-20,HO=F,3.4668
2023-01-23,HO=F,3.5509
2023-01-24,HO=F,3.4272
2023-01-25,HO=F,3.3613
2023-01-26,HO=F,3.3965
2023-01-27,HO=F,3.2655
2023-01-30,HO=F,3.1108
2023-01-31,HO=F,3.1823
2023-02-01,HO=F,2.9511
2023-02-02,HO=F,2.8967
2023-02-03,HO=F,2.7753
2023-02-06,HO=F,2.7687
2023-02-07,HO=F,2.9044
2023-02-08,HO=F,2.8933
2023-02-09,HO=F,2.8154
2023-02-10,HO=F,2.8646
2023-02-13,HO=F,2.9057
2023-02-14,HO=F,2.9401
2023-02-15,HO=F,2.8444
2023-02-16,HO=F,2.8108
2023-02-17,HO=F,2.7121
2023-02-21,HO=F,2.7919
2023-02-22,HO=F,2.7148
2023-02-23,HO=F,2.7081
2023-02-24,HO=F,2.7962
2023-02-27,HO=F,2.8198
2023-02-28,HO=F,2.8209
2023-03-01,HO=F,2.8738
2023-03-02,HO=F,2.8662
2023-03-03,HO=F,2.9131
2023-03-06,HO=F,2.8866
2023-03-07,HO=F,2.7975
2023-03-08,HO=F,2.7419
2023-03-09,HO=F,2.6689
2023-03-10,HO=F,2.7729
2023-03-13,HO=F,2.7615
2023-03-14,HO=F,2.7144
2023-03-15,HO=F,2.6049
2023-03-16,HO=F,2.6435
2023-03-17,HO=F,2.6787
2023-03-20,HO=F,2.6871
2023-03-21,HO=F,2.6902
2023-03-22,HO=F,2.7403
2023-03-23,HO=F,2.6847
2023-03-24,HO=F,2.6952
2023-03-27,HO=F,2.7704
2023-03-28,HO=F,2.7696
2023-03-29,HO=F,2.6581
2023-03-30,HO=F,2.6237
2023-03-31,HO=F,2.6763
2023-04-03,HO=F,2.6626
2023-04-04,HO=F,2.6667
2023-04-05,HO=F,2.731
2023-04-06,HO=F,2.6605
2023-04-10,HO=F,2.6814
2023-04-11,HO=F,2.6682
2023-04-12,HO=F,2.7031
2023-04-13,HO=F,2.6728
2023-04-14,HO=F,2.6392
2023-04-17,HO=F,2.6147
2023-04-18,HO=F,2.5999
2023-04-19,HO=F,2.5577
2023-04-20,HO=F,2.4949
2023-04-21,HO=F,2.4886
2023-04-24,HO=F,2.531
2023-04-25,HO=F,2.4511
2023-04-26,HO=F,2.373
2023-04-27,HO=F,2.3542
2023-04-28,HO=F,2.3787
2023-05-01,HO=F,2.3823
2023-05-02,HO=F,2.2892
2023-05-03,HO=F,2.2323
2023-05-04,HO=F,2.2387
2023-05-05,HO=F,2.3147
2023-05-08,HO=F,2.3777
2023-05-09,HO=F,2.3902
2023-05-10,HO=F,2.3934
2023-05-11,HO=F,2.3495
2023-05-12,HO=F,2.3055
2023-05-15,HO=F,2.378
2023-05-16,HO=F,2.3639
2023-05-17,HO=F,2.4226
2023-05-18,HO=F,2.4026
2023-05-19,HO=F,2.3622
2023-05-22,HO=F,2.3664
2023-05-23,HO=F,2.3617
2023-05-24,HO=F,2.4137
2023-05-25,HO=F,2.3462
2023-05-26,HO=F,2.3693
2023-05-30,HO=F,2.2808
2023-05-31,HO=F,2.2596
2023-06-01,HO=F,2.3147
2023-06-02,HO=F,2.3569
2023-06-05,HO=F,2.3775
2023-06-06,HO=F,2.3678
2023-06-07,HO=F,2.4018
2023-06-08,HO=F,2.3898
2023-06-09,HO=F,2.361
2023-06-12,HO=F,2.3091
2023-06-13,HO=F,2.3955
2023-06-14,HO=F,2.3577
2023-06-15,HO=F,2.4796
2023-06-16,HO=F,2.5514
2023-06-20,HO=F,2.4754
2023-06-21,HO=F,2.5642
2023-06-22,HO=F,2.4655
2023-06-23,HO=F,2.4071
2023-06-26,HO=F,2.4388
2023-06-27,HO=F,2.399
2023-06-28,HO=F,2.4067
2023-06-29,HO=F,2.4156
2023-06-30,HO=F,2.4482
2023-07-03,HO=F,2.3773
2023-07-05,HO=F,2.4933
2023-07-06,HO=F,2.4794
2023-07-07,HO=F,2.5591
2023-07-10,HO=F,2.5532
2023-07-11,HO=F,2.5837
2023-07-12,HO=F,2.5996
2023-07-13,HO=F,2.6104
2023-07-14,HO=F,2.5979
2023-07-17,HO=F,2.5642
2023-07-18,HO=F,2.5994
2023-07-19,HO=F,2.6418
2023-07-20,HO=F,2.6644
2023-07-21,HO=F,2.7457
2023-07-24,HO=F,2.7705
2023-07-25,HO=F,2.7776
2023-07-26,HO=F,2.8429
2023-07-27,HO=F,2.9169
2023-07-28,HO=F,2.9586
2023-07-31,HO=F,2.9909
2023-08-01,HO=F,3.0234
2023-08-02,HO=F,3.0043
2023-08-03,HO=F,3.0749
2023-08-04,HO=F,3.0622
2023-08-07,HO=F,3.0155
2023-08-08,HO=F,3.0856
2023-08-09,HO=F,3.207
2023-08-10,HO=F,3.1533
2023-08-11,HO=F,3.1215
2023-08-14,HO=F,3.0883
2023-08-15,HO=F,3.028
2023-08-16,HO=F,3.0209
2023-08-17,HO=F,3.0938
2023-08-18,HO=F,3.1597
2023-08-21,HO=F,3.1162
2023-08-22,HO=F,3.1388
2023-08-23,HO=F,3.1291
2023-08-24,HO=F,3.1564
2023-08-25,HO=F,3.3075
2023-08-28,HO=F,3.2037
2023-08-29,HO=F,3.2095
2023-08-30,HO=F,3.0962
2023-08-31,HO=F,3.1426
2023-09-01,HO=F,3.105
2023-09-05,HO=F,3.2196
2023-09-06,HO=F,3.1927
2023-09-07,HO=F,3.2123
2023-09-08,HO=F,3.2991
2023-09-11,HO=F,3.3622
2023-09-12,HO=F,3.3283
2023-09-13,HO=F,3.4354
2023-09-14,HO=F,3.4815
2023-09-15,HO=F,3.3834
2023-09-18,HO=F,3.2883
2023-09-19,HO=F,3.3739
2023-09-20,HO=F,3.3268
2023-09-21,HO=F,3.368
2023-09-22,HO=F,3.3062
2023-09-25,HO=F,3.2622
2023-09-26,HO=F,3.2238
2023-09-27,HO=F,3.3147
2023-09-28,HO=F,3.318
2023-09-29,HO=F,3.3622
2023-10-02,HO=F,3.2225
2023-10-03,HO=F,3.1954
2023-10-04,HO=F,3.0178
2023-10-05,HO=F,2.8687
2023-10-06,HO=F,2.9008
2023-10-09,HO=F,2.9666
2023-10-10,HO=F,3.0201
2023-10-11,HO=F,2.9985
2023-10-12,HO=F,3.0449
2023-10-13,HO=F,3.2117
2023-10-16,HO=F,3.1492
2023-10-17,HO=F,3.1767
2023-10-18,HO=F,3.1393
2023-10-19,HO=F,3.173
2023-10-20,HO=F,3.1566
2023-10-23,HO=F,3.0955
2023-10-24,HO=F,3.0449
2023-10-25,HO=F,3.0305
2023-10-26,HO=F,3.0439
2023-10-27,HO=F,3.0519
2023-10-30,HO=F,2.9663
2023-10-31,HO=F,2.991
2023-11-01,HO=F,2.9615
2023-11-02,HO=F,3.0255
2023-11-03,HO=F,2.9238
2023-11-06,HO=F,2.9524
2023-11-07,HO=F,2.8384
2023-11-08,HO=F,2.7492
2023-11-09,HO=F,2.7191
2023-11-10,HO=F,2.7431
2023-11-13,HO=F,2.8393
2023-11-14,HO=F,2.8371
2023-11-15,HO=F,2.8687
2023-11-16,HO=F,2.7502
2023-11-17,HO=F,2.7725
2023-11-20,HO=F,2.8495
2023-11-21,HO=F,2.9249
2023-11-22,HO=F,2.8891
2023-11-23,HO=F,2.8712
2023-11-24,HO=F,2.8357
2023-11-27,HO=F,2.8379
2023-11-28,HO=F,2.907
2023-11-29,HO=F,2.8885
2023-11-30,HO=F,2.8305
2023-12-01,HO=F,2.6615
2023-12-04,HO=F,2.6597
2023-12-05,HO=F,2.6411
2023-12-06,HO=F,2.5762
2023-12-07,HO=F,2.5492
2023-12-08,HO=F,2.581
2023-12-11,HO=F,2.6087
2023-12-12,HO=F,2.5074
2023-12-13,HO=F,2.5481
2023-12-14,HO=F,2.5913
2023-12-15,HO=F,2.6208
2023-12-18,HO=F,2.6728
2023-12-19,HO=F,2.7168
2023-12-20,HO=F,2.7085
2023-12-21,HO=F,2.6968
2023-12-22,HO=F,2.6612
2023-12-26,HO=F,2.6688
2023-12-27,HO=F,2.6239
2023-12-28,HO=F,2.5563
2023-12-29,HO=F,2.5531
2024-01-02,HO=F,2.5258
2024-01-03,HO=F,2.6044
2024-01-04,HO=F,2.5884
2024-01-05,HO=F,2.6085
2024-01-08,HO=F,2.5769
2024-01-09,HO=F,2.6504
2024-01-10,HO=F,2.6006
2024-01-11,HO=F,2.6738
2024-01-12,HO=F,2.6693
2024-01-16,HO=F,2.6606
2024-01-17,HO=F,2.6536
2024-01-18,HO=F,2.6936
2024-01-19,HO=F,2.6621
2024-01-22,HO=F,2.6935
2024-01-23,HO=F,2.6913
2024-01-24,HO=F,2.6818
2024-01-25,HO=F,2.7954
2024-01-26,HO=F,2.8434
2024-01-29,HO=F,2.8339
2024-01-30,HO=F,2.8068
2024-01-31,HO=F,2.8082
2024-02-01,HO=F,2.7129
2024-02-02,HO=F,2.66
2024-02-05,HO=F,2.7248
2024-02-06,HO=F,2.7427
2024-02-07,HO=F,2.8152
2024-02-08,HO=F,2.8908
2024-02-09,HO=F,2.9642
2024-02-12,HO=F,2.9196
2024-02-13,HO=F,2.8959
2024-02-14,HO=F,2.8101
2024-02-15,HO=F,2.8237
2024-02-16,HO=F,2.8066
2024-02-20,HO=F,2.7315
2024-02-21,HO=F,2.7052
2024-02-22,HO=F,2.752
2024-02-23,HO=F,2.6897
2024-02-26,HO=F,2.7627
2024-02-27,HO=F,2.746
2024-02-28,HO=F,2.6583
2024-02-29,HO=F,2.6838
2024-03-01,HO=F,2.7042
2024-03-04,HO=F,2.6472
2024-03-05,HO=F,2.6065
2024-03-06,HO=F,2.6633
2024-03-07,HO=F,2.6947
2024-03-08,HO=F,2.6409
2024-03-11,HO=F,2.6518
2024-03-12,HO=F,2.6165
2024-03-13,HO=F,2.6851
2024-03-14,HO=F,2.7088
2024-03-15,HO=F,2.727
2024-03-18,HO=F,2.7882
2024-03-19,HO=F,2.7607
2024-03-20,HO=F,2.6957
2024-03-21,HO=F,2.6688
2024-03-22,HO=F,2.6534
2024-03-25,HO=F,2.6786
2024-03-26,HO=F,2.6218
2024-03-27,HO=F,2.5986
2024-03-28,HO=F,2.6156
2024-04-01,HO=F,2.6271
2024-04-02,HO=F,2.7119
2024-04-03,HO=F,2.7324
2024-04-04,HO=F,2.7413
2024-04-05,HO=F,2.773
2024-04-08,HO=F,2.7287
2024-04-09,HO=F,2.677
2024-04-10,HO=F,2.7076
2024-04-11,HO=F,2.6598
2024-04-12,HO=F,2.6851
2024-04-15,HO=F,2.6542
2024-04-16,HO=F,2.6513
2024-04-17,HO=F,2.5747
2024-04-18,HO=F,2.5339
2024-04-19,HO=F,2.5413
2024-04-22,HO=F,2.5604
2024-04-23,HO=F,2.5792
2024-04-24,HO=F,2.5499
2024-04-25,HO=F,2.5504
2024-04-26,HO=F,2.5482
2024-04-29,HO=F,2.5313
2024-04-30,HO=F,2.5134
2024-05-01,HO=F,2.4519
2024-05-02,HO=F,2.4431
2024-05-03,HO=F,2.4434
2024-05-06,HO=F,2.4614
2024-05-07,HO=F,2.4656
2024-05-08,HO=F,2.4761
2024-05-09,HO=F,2.4776
2024-05-10,HO=F,2.4344
2024-05-13,HO=F,2.4368
2024-05-14,HO=F,2.42
2024-05-15,HO=F,2.4231
2024-05-16,HO=F,2.4437
2024-05-17,HO=F,2.4863
2024-05-20,HO=F,2.4871
2024-05-21,HO=F,2.4623
2024-05-22,HO=F,2.4318
2024-05-23,HO=F,2.4118
2024-05-24,HO=F,2.4136
2024-05-28,HO=F,2.465
2024-05-29,HO=F,2.437
2024-05-30,HO=F,2.3694
2024-05-31,HO=F,2.3636
2024-06-03,HO=F,2.2962
2024-06-04,HO=F,2.2859
2024-06-05,HO=F,2.3011
2024-06-06,HO=F,2.3576
2024-06-07,HO=F,2.3517
2024-06-10,HO=F,2.4147
2024-06-11,HO=F,2.4213
2024-06-12,HO=F,2.4408
2024-06-13,HO=F,2.4868
2024-06-14,HO=F,2.4706
2024-06-17,HO=F,2.4825
2024-06-18,HO=F,2.5208
2024-06-20,HO=F,2.5245
2024-06-21,HO=F,2.4915
2024-06-24,HO=F,2.5214
2024-06-25,HO=F,2.5094
2024-06-26,HO=F,2.5375
2024-06-27,HO=F,2.5476
2024-06-28,HO=F,2.5169
2024-07-01,HO=F,2.6147
2024-07-02,HO=F,2.6297
2024-07-03,HO=F,2.6343
2024-07-05,HO=F,2.6024
2024-07-08,HO=F,2.5791
2024-07-09,HO=F,2.5236
2024-07-10,HO=F,2.5184
2024-07-11,HO=F,2.5182
2024-07-12,HO=F,2.5096
2024-07-15,HO=F,2.5136
2024-07-16,HO=F,2.4688
2024-07-17,HO=F,2.494
2024-07-18,HO=F,2.4868
2024-07-19,HO=F,2.4191
2024-07-22,HO=F,2.4348
2024-07-23,HO=F,2.4099
2024-07-24,HO=F,2.4524
2024-07-25,HO=F,2.4712
2024-07-26,HO=F,2.4197
2024-07-29,HO=F,2.375
2024-07-30,HO=F,2.3368
2024-07-31,HO=F,2.4155
2024-08-01,HO=F,2.4064
2024-08-02,HO=F,2.3185
2024-08-05,HO=F,2.2986
2024-08-06,HO=F,2.2958
2024-08-07,HO=F,2.3556
2024-08-08,HO=F,2.3578
2024-08-09,HO=F,2.3397
2024-08-12,HO=F,2.4065
2024-08-13,HO=F,2.3892
2024-08-14,HO=F,2.3682
2024-08-15,HO=F,2.3779
2024-08-16,HO=F,2.3287
2024-08-19,HO=F,2.2635
2024-08-20,HO=F,2.2632
2024-08-21,HO=F,2.2497
2024-08-22,HO=F,2.2635
2024-08-23,HO=F,2.2997
2024-08-26,HO=F,2.348
2024-08-27,HO=F,2.2862
2024-08-28,HO=F,2.2291
2024-08-29,HO=F,2.284
2024-08-30,HO=F,2.2515
2024-09-03,HO=F,2.206
2024-09-04,HO=F,2.1575
2024-09-05,HO=F,2.1689
2024-09-06,HO=F,2.115
2024-09-09,HO=F,2.1394
2024-09-10,HO=F,2.058
2024-09-11,HO=F,2.0917
2024-09-12,HO=F,2.1188
2024-09-13,HO=F,2.0843
2024-09-16,HO=F,2.0968
2024-09-17,HO=F,2.1367
2024-09-18,HO=F,2.1475
2024-09-19,HO=F,2.172
2024-09-20,HO=F,2.1615
2024-09-23,HO=F,2.1451
2024-09-24,HO=F,2.1805
2024-09-25,HO=F,2.1602
2024-09-26,HO=F,2.1361
2024-09-27,HO=F,2.1327
2024-09-30,HO=F,2.1318
2024-10-01,HO=F,2.1742
2024-10-02,HO=F,2.1821
2024-10-03,HO=F,2.2947
2024-10-04,HO=F,2.3127
2024-10-07,HO=F,2.3962
2024-10-08,HO=F,2.2972
2024-10-09,HO=F,2.2769
2024-10-10,HO=F,2.3509
2024-10-11,HO=F,2.3439
2024-10-14,HO=F,2.2742
2024-10-15,HO=F,2.1877
2024-10-16,HO=F,2.1747
2024-10-17,HO=F,2.1945
2024-10-18,HO=F,2.1522
2024-10-21,HO=F,2.1833
2024-10-22,HO=F,2.237
2024-10-23,HO=F,2.2216
2024-10-24,HO=F,2.2023
2024-10-25,HO=F,2.2381
2024-10-28,HO=F,2.1286
2024-10-29,HO=F,2.1337
2024-10-30,HO=F,2.1876
2024-10-31,HO=F,2.2195
2024-11-01,HO=F,2.2342
2024-11-04,HO=F,2.2841
2024-11-05,HO=F,2.3042
2024-11-06,HO=F,2.27
2024-11-07,HO=F,2.2864
2024-11-08,HO=F,2.2389
2024-11-11,HO=F,2.1976
2024-11-12,HO=F,2.2108
2024-11-13,HO=F,2.2193
2024-11-14,HO=F,2.2123
2024-11-15,HO=F,2.1709
2024-11-18,HO=F,2.2514
2024-11-19,HO=F,2.2402
2024-11-20,HO=F,2.2263
2024-11-21,HO=F,2.2744
2024-11-22,HO=F,2.2749
2024-11-25,HO=F,2.2353
2024-11-26,HO=F,2.2404
2024-11-27,HO=F,2.2036
2024-11-29,HO=F,2.193
2024-12-02,HO=F,2.1777
2024-12-03,HO=F,2.2177
2024-12-04,HO=F,2.1674
2024-12-05,HO=F,2.1557
2024-12-06,HO=F,2.1326
2024-12-09,HO=F,2.1835
2024-12-10,HO=F,2.1861
2024-12-11,HO=F,2.2233
2024-12-12,HO=F,2.2366
2024-12-13,HO=F,2.27
2024-12-16,HO=F,2.264
2024-12-17,HO=F,2.2279
2024-12-18,HO=F,2.255
2024-12-19,HO=F,2.2377
2024-12-20,HO=F,2.2317
2024-12-23,HO=F,2.2263
2024-12-24,HO=F,2.2215
2024-12-26,HO=F,2.2053
2024-12-27,HO=F,2.2448
2024-12-30,HO=F,2.2995
2024-12-31,HO=F,2.3206
2025-01-02,HO=F,2.354
2025-01-03,HO=F,2.3478
2025-01-06,HO=F,2.3552
2025-01-07,HO=F,2.3663
2025-01-08,HO=F,2.3507
2025-01-09,HO=F,2.3782
2025-01-10,HO=F,2.5017
2025-01-13,HO=F,2.5333
2025-01-14,HO=F,2.5253
2025-01-15,HO=F,2.6135
2025-01-16,HO=F,2.6172
2025-01-17,HO=F,2.621
2025-01-21,HO=F,2.5581
2025-01-22,HO=F,2.4842
2025-01-23,HO=F,2.4715
2025-01-24,HO=F,2.5162
2025-01-27,HO=F,2.46
2025-01-28,HO=F,2.4501
2025-01-29,HO=F,2.454
2025-01-30,HO=F,2.4754
2025-01-31,HO=F,2.4845
2025-02-03,HO=F,2.4631
2025-02-04,HO=F,2.4298
2025-02-05,HO=F,2.3842
2025-02-06,HO=F,2.398
2025-02-07,HO=F,2.4308
2025-02-10,HO=F,2.4509
2025-02-11,HO=F,2.5146
2025-02-12,HO=F,2.452
2025-02-13,HO=F,2.4487
2025-02-14,HO=F,2.4618
2025-02-18,HO=F,2.4406
2025-02-19,HO=F,2.4565
2025-02-20,HO=F,2.5034
2025-02-21,HO=F,2.4323
2025-02-24,HO=F,2.4358
2025-02-25,HO=F,2.3903
2025-02-26,HO=F,2.3443
2025-02-27,HO=F,2.3959
2025-02-28,HO=F,2.3549
2025-03-03,HO=F,2.2604
2025-03-04,HO=F,2.2872
2025-03-05,HO=F,2.2408
2025-03-06,HO=F,2.2238
2025-03-07,HO=F,2.216
2025-03-10,HO=F,2.1799
2025-03-11,HO=F,2.1968
2025-03-12,HO=F,2.2063
2025-03-13,HO=F,2.1622
2025-03-14,HO=F,2.1666
2025-03-17,HO=F,2.2038
2025-03-18,HO=F,2.1945
2025-03-19,HO=F,2.2319
2025-03-20,HO=F,2.2543
2025-03-21,HO=F,2.2496
2025-03-24,HO=F,2.2571
2025-03-25,HO=F,2.2859
2025-03-26,HO=F,2.2887
2025-03-27,HO=F,2.2847
2025-03-28,HO=F,2.2609
2025-03-31,HO=F,2.314
2025-04-01,HO=F,2.2889
2025-04-02,HO=F,2.322
2025-04-03,HO=F,2.1889
2025-04-04,HO=F,2.0819
2025-04-07,HO=F,2.0699
2025-04-08,HO=F,2.057
2025-04-09,HO=F,2.1136
2025-04-10,HO=F,2.0464
2025-04-11,HO=F,2.0653
2025-04-14,HO=F,2.0917
2025-04-15,HO=F,2.0784
2025-04-16,HO=F,2.1154
2025-04-17,HO=F,2.1523
2025-04-21,HO=F,2.1089
2025-04-22,HO=F,2.1486
2025-04-23,HO=F,2.1269
2025-04-24,HO=F,2.1437
2025-04-25,HO=F,2.1673
2025-04-28,HO=F,2.1755
2025-04-29,HO=F,2.1204
2025-04-30,HO=F,2.0367
2025-05-01,HO=F,2.012
2025-05-02,HO=F,1.9932
2025-05-05,HO=F,1.9745
2025-05-06,HO=F,2.0088
2025-05-07,HO=F,1.9766
2025-05-08,HO=F,2.04
2025-05-09,HO=F,2.0664
2025-05-12,HO=F,2.1111
2025-05-13,HO=F,2.1713
2025-05-14,HO=F,2.2061
2025-05-15,HO=F,2.166
2025-05-16,HO=F,2.1406
2025-05-19,HO=F,2.1277
2025-05-20,HO=F,2.1289
2025-05-21,HO=F,2.1391
2025-05-22,HO=F,2.1175
2025-05-23,HO=F,2.1048
2025-05-27,HO=F,2.0794
2025-05-28,HO=F,2.0881
2025-05-29,HO=F,2.0482
2025-05-30,HO=F,2.0172
2025-06-02,HO=F,2.0445
2025-06-03,HO=F,2.0999
2025-06-04,HO=F,2.0701
2025-06-05,HO=F,2.0945
2025-06-06,HO=F,2.1253
2025-06-09,HO=F,2.1464
2025-06-10,HO=F,2.1416
2025-06-11,HO=F,2.2053
2025-06-12,HO=F,2.1887
2025-06-13,HO=F,2.3587
2025-06-16,HO=F,2.3933
2025-06-17,HO=F,2.5051
2025-06-18,HO=F,2.5334
2025-06-20,HO=F,2.5418
2025-06-23,HO=F,2.3631
2025-06-24,HO=F,2.2851
2025-06-25,HO=F,2.2964
2025-06-26,HO=F,2.3601
2025-06-27,HO=F,2.3072
2025-06-30,HO=F,2.3458
2025-07-01,HO=F,2.3269
2025-07-02,HO=F,2.4117
2025-07-03,HO=F,2.3698
2025-07-04,HO=F,2.409
2025-07-07,HO=F,2.4211
2025-07-08,HO=F,2.4413
2025-07-09,HO=F,2.4092
2025-07-10,HO=F,2.3835
2025-07-11,HO=F,2.4474
2025-07-14,HO=F,2.3898
2025-07-15,HO=F,2.4052
2025-07-16,HO=F,2.3915
2025-07-17,HO=F,2.4646
2025-07-18,HO=F,2.453
2025-07-21,HO=F,2.5092
2025-07-22,HO=F,2.4518
2025-07-23,HO=F,2.449
2025-07-24,HO=F,2.4129
2025-07-25,HO=F,2.4062
2025-07-28,HO=F,2.4266
2025-07-29,HO=F,2.4638
2025-07-30,HO=F,2.4185
2025-07-31,HO=F,2.3995
2025-08-01,HO=F,2.2999
2025-08-04,HO=F,2.3176
2025-08-05,HO=F,2.2502
2025-08-06,HO=F,2.2628
2025-08-07,HO=F,2.2668
2025-08-08,HO=F,2.2793
2025-08-11,HO=F,2.291
2025-08-12,HO=F,2.2441
2025-08-13,HO=F,2.2428
2025-08-14,HO=F,2.2345
2025-08-15,HO=F,2.225
2025-08-18,HO=F,2.2403
2025-08-19,HO=F,2.2511
2025-08-20,HO=F,2.2796
2025-08-21,HO=F,2.3251
2025-08-22,HO=F,2.3081
2025-08-25,HO=F,2.3475
2025-08-26,HO=F,2.2805
2025-08-27,HO=F,2.2953
2025-08-28,HO=F,2.3098
2025-08-29,HO=F,2.2667
2025-09-02,HO=F,2.3744
2025-09-03,HO=F,2.3609
2025-09-04,HO=F,2.3307
2025-09-05,HO=F,2.287
2025-09-08,HO=F,2.3119
2025-09-09,HO=F,2.3199
2025-09-10,HO=F,2.3337
2025-09-11,HO=F,2.2819
2025-09-12,HO=F,2.29
2025-09-15,HO=F,2.3311
2025-09-16,HO=F,2.3935
2025-09-17,HO=F,2.3548
2025-09-18,HO=F,2.34
2025-09-19,HO=F,2.2989
2025-09-22,HO=F,2.2923
2025-09-23,HO=F,2.328
2025-09-24,HO=F,2.3772
2025-09-25,HO=F,2.4265
2025-09-26,HO=F,2.4289
2025-09-29,HO=F,2.3566
2025-09-30,HO=F,2.3325
2025-10-01,HO=F,2.3019
2025-10-02,HO=F,2.2435
2025-10-03,HO=F,2.2363
2025-10-06,HO=F,2.2443
2025-10-07,HO=F,2.2653
2025-10-08,HO=F,2.2913
2025-10-09,HO=F,2.2803
2025-10-10,HO=F,2.2044
2025-10-13,HO=F,2.2497
2025-10-14,HO=F,2.1976
2025-10-15,HO=F,2.1748
2025-10-16,HO=F,2.1535
2025-10-17,HO=F,2.18
2025-10-20,HO=F,2.1921
2025-10-21,HO=F,2.2058
2025-10-22,HO=F,2.2496
2025-10-23,HO=F,2.403
2025-10-24,HO=F,2.4031
2025-10-27,HO=F,2.4361
2025-10-28,HO=F,2.3872
2025-10-29,HO=F,2.4243
2025-10-30,HO=F,2.46
2025-10-31,HO=F,2.4312
2025-11-03,HO=F,2.4053
2025-11-04,HO=F,2.4446
2025-11-05,HO=F,2.4325
2025-11-06,HO=F,2.4961
2025-11-07,HO=F,2.4821
2025-11-10,HO=F,2.5104
2025-11-11,HO=F,2.5757
2025-11-12,HO=F,2.4816
2025-11-13,HO=F,2.4647
2025-11-14,HO=F,2.5311
2025-11-17,HO=F,2.547
2025-11-18,HO=F,2.7011
2025-11-19,HO=F,2.6357
2025-11-20,HO=F,2.5333
2025-11-21,HO=F,2.4564
2025-11-24,HO=F,2.4061
2025-11-25,HO=F,2.3538
2025-11-26,HO=F,2.3255
2025-11-28,HO=F,2.333
2025-12-01,HO=F,2.34
2025-12-02,HO=F,2.3127
2025-12-03,HO=F,2.3008
2025-12-04,HO=F,2.3037
2025-12-05,HO=F,2.3629
2025-12-08,HO=F,2.2982
2025-12-09,HO=F,2.2601
2025-12-10,HO=F,2.273
2025-12-11,HO=F,2.2289
2025-12-12,HO=F,2.198
2025-12-15,HO=F,2.1806
2025-12-16,HO=F,2.1286
2025-12-17,HO=F,2.1495
2025-12-18,HO=F,2.1316
2025-12-19,HO=F,2.1219
2025-12-22,HO=F,2.1581
2025-12-23,HO=F,2.1906
2025-12-24,HO=F,2.1576
2025-12-26,HO=F,2.107
2025-12-29,HO=F,2.1275
2025-12-30,HO=F,2.1505
2025-12-31,HO=F,2.1206
2026-01-02,HO=F,2.1151
2026-01-05,HO=F,2.1428
2026-01-06,HO=F,2.083
2026-01-07,HO=F,2.0567
2026-01-08,HO=F,2.1195
2026-01-09,HO=F,2.135
2026-01-12,HO=F,2.1544
2026-01-13,HO=F,2.2384
2026-01-14,HO=F,2.2819
2026-01-15,HO=F,2.2083
2026-01-16,HO=F,2.2376
2026-01-20,HO=F,2.3385
2026-01-21,HO=F,2.4305
2026-01-22,HO=F,2.3668
2026-01-23,HO=F,2.4285
2026-01-26,HO=F,2.568
2026-01-27,HO=F,2.6462
2026-01-28,HO=F,2.6661
2026-01-29,HO=F,2.5854
2026-01-30,HO=F,2.7356
2026-02-02,HO=F,2.3598
2026-02-03,HO=F,2.4093
2026-02-04,HO=F,2.47
2026-02-05,HO=F,2.3932
2026-02-06,HO=F,2.4133
2026-02-09,HO=F,2.4169
2026-02-10,HO=F,2.3988
2026-02-11,HO=F,2.4404
2026-02-12,HO=F,2.3927
2026-02-13,HO=F,2.3879
2026-02-17,HO=F,2.3906
2026-02-18,HO=F,2.5187
2026-02-19,HO=F,2.6147
2026-02-20,HO=F,2.5858
2026-02-23,HO=F,2.6782
2026-02-24,HO=F,2.6869
2026-02-25,HO=F,2.674
2026-02-26,HO=F,2.6125
2026-02-27,HO=F,2.6709
2026-03-02,HO=F,2.9004
2026-03-03,HO=F,3.1869
2026-03-04,HO=F,3.2938
2026-03-05,HO=F,3.6143
2026-03-06,HO=F,3.6224
2026-03-09,HO=F,3.5866
2026-03-10,HO=F,3.3466
2026-03-11,HO=F,3.6788
2026-03-12,HO=F,3.8989
2026-03-13,HO=F,4.0147
2026-03-16,HO=F,3.8375
2026-03-17,HO=F,4.0158
2026-03-18,HO=F,4.1978
2026-03-19,HO=F,4.342
2026-03-20,HO=F,4.6084
2026-03-23,HO=F,4.056
2026-03-24,HO=F,4.2909
2026-03-25,HO=F,4.0063
2026-03-26,HO=F,4.2734
2026-03-27,HO=F,4.4955
2026-03-30,HO=F,4.3643
2026-03-31,HO=F,4.1634
2026-04-01,HO=F,4.0568
2026-04-02,HO=F,4.3611
2026-04-06,HO=F,4.3284
2026-04-07,HO=F,4.4774
2026-04-08,HO=F,3.8084
2026-04-09,HO=F,3.937
2026-04-10,HO=F,3.7616
2026-04-13,HO=F,3.8341
2026-04-14,HO=F,3.6243
2026-04-15,HO=F,3.7532
2026-04-16,HO=F,3.8329
2026-04-17,HO=F,3.3974
2026-04-20,HO=F,3.5409
2026-04-21,HO=F,3.7288
2026-04-22,HO=F,3.9379
2026-04-23,HO=F,3.9882
2026-04-24,HO=F,3.8874
2026-04-27,HO=F,3.9747
2026-04-28,HO=F,3.9712
2026-04-29,HO=F,4.1987
2026-04-30,HO=F,4.1384
2026-05-01,HO=F,3.9464
2026-05-04,HO=F,4.0732
2026-05-05,HO=F,4.0302
2026-05-06,HO=F,3.7856
2026-05-07,HO=F,3.8166
2026-05-08,HO=F,3.8991
2026-05-11,HO=F,3.9686
2026-05-12,HO=F,4.1588
2026-05-13,HO=F,3.9667
2026-05-14,HO=F,3.9056
2026-05-15,HO=F,4.0534
2026-05-18,HO=F,4.1145
2026-05-19,HO=F,4.1625
2026-05-20,HO=F,3.9471
2026-05-21,HO=F,3.8316
2026-05-22,HO=F,3.8878
2026-05-26,HO=F,3.7146
2026-05-27,HO=F,3.5975
2026-05-28,HO=F,3.6187
2026-05-29,HO=F,3.5373
2026-06-01,HO=F,3.6394
2026-06-02,HO=F,3.6987
2026-06-03,HO=F,3.8481
2026-06-04,HO=F,3.6738
2026-06-05,HO=F,3.5874
2026-06-08,HO=F,3.5999
2026-06-09,HO=F,3.5418
2026-06-10,HO=F,3.6126
2026-06-11,HO=F,3.5131
2026-06-12,HO=F,3.4044
2026-06-15,HO=F,3.2665
2026-06-16,HO=F,3.1702
2026-06-17,HO=F,3.1946
2026-06-18,HO=F,3.1273
2026-06-22,HO=F,3.0931
2026-06-23,HO=F,3.1546
2026-06-24,HO=F,3.1762
2026-06-25,HO=F,3.2982
2026-06-26,HO=F,3.2082
2026-06-29,HO=F,3.3317
2026-06-30,HO=F,3.3168
2026-07-01,HO=F,3.2179
2026-07-02,HO=F,3.1822
2026-07-06,HO=F,3.2984
2026-07-07,HO=F,3.3017
2026-07-08,HO=F,3.6575
2026-07-09,HO=F,3.5716
2026-07-10,HO=F,3.5533
2026-07-13,HO=F,3.8236
2026-07-14,HO=F,4.0143
2026-07-15,HO=F,3.9483
2026-07-16,HO=F,4.0307
2026-07-17,HO=F,4.0646
2026-07-20,HO=F,4.119
2026-07-21,HO=F,4.1266
2026-07-22,HO=F,4.1488
2026-07-23,HO=F,4.3416
2026-07-24,HO=F,4.1806
2026-07-27,HO=F,4.1116
2026-07-28,HO=F,4.1509
2026-07-29,HO=F,4.3701
2026-07-30,HO=F,4.2094
2026-07-31,HO=F,4.1215
2026-08-03,HO=F,3.8772
2026-08-04,HO=F,3.7705
2026-08-05,HO=F,3.7962
2026-08-06,HO=F,3.882
2026-08-07,HO=F,3.9024
2026-08-10,HO=F,4.1898
2026-08-11,HO=F,4.2525
2026-08-12,HO=F,4.304
2026-08-13,HO=F,4.2506
2026-08-14,HO=F,4.2829
2026-08-17,HO=F,4.4371
2026-08-18,HO=F,4.4501
2026-08-19,HO=F,4.4523
2026-08-20,HO=F,4.4803
2026-08-21,HO=F,4.4948
2026-08-24,HO=F,4.2677
2026-08-25,HO=F,4.2438
2026-08-26,HO=F,4.26
2026-08-27,HO=F,4.2787
2026-08-28,HO=F,4.3567
2026-08-31,HO=F,4.4953
2026-09-01,HO=F,4.6773
2026-09-02,HO=F,4.6822
2026-09-03,HO=F,4.5936
2026-09-04,HO=F,4.5402
2026-09-08,HO=F,4.5678
2026-09-09,HO=F,4.801
2026-09-10,HO=F,5.0575
2026-09-11,HO=F,4.9593
2026-09-14,HO=F,4.9615
2026-09-15,HO=F,5.262
2026-09-16,HO=F,5.2465
2026-09-17,HO=F,5.1139
2026-09-18,HO=F,5.0578
2026-09-21,HO=F,4.8895
2026-09-22,HO=F,4.9421
2026-09-23,HO=F,4.7764
2026-09-24,HO=F,4.7303
2026-09-25,HO=F,4.6847
2026-09-28,HO=F,4.7553
2026-09-29,HO=F,4.8979
2026-09-30,HO=F,4.6833
2021-01-04,RB=F,1.3729
2021-01-05,RB=F,1.4521
2021-01-06,RB=F,1.475
2021-01-07,RB=F,1.4827
2021-01-08,RB=F,1.5423
2021-01-11,RB=F,1.5208
2021-01-12,RB=F,1.553
2021-01-13,RB=F,1.5488
2021-01-14,RB=F,1.5539
2021-01-15,RB=F,1.5284
2021-01-19,RB=F,1.5381
2021-01-20,RB=F,1.5439
2021-01-21,RB=F,1.5479
2021-01-22,RB=F,1.5487
2021-01-25,RB=F,1.5611
2021-01-26,RB=F,1.5807
2021-01-27,RB=F,1.5771
2021-01-28,RB=F,1.5829
2021-01-29,RB=F,1.5725
2021-02-01,RB=F,1.5901
2021-02-02,RB=F,1.616
2021-02-03,RB=F,1.6486
2021-02-04,RB=F,1.6448
2021-02-05,RB=F,1.6493
2021-02-08,RB=F,1.6748
2021-02-09,RB=F,1.6736
2021-02-10,RB=F,1.6534
2021-02-11,RB=F,1.6502
2021-02-12,RB=F,1.6925
2021-02-16,RB=F,1.7729
2021-02-17,RB=F,1.8105
2021-02-18,RB=F,1.7943
2021-02-19,RB=F,1.8069
2021-02-22,RB=F,1.8417
2021-02-23,RB=F,1.8586
2021-02-24,RB=F,1.8956
2021-02-25,RB=F,1.8923
2021-02-26,RB=F,1.877
2021-03-01,RB=F,1.9429
2021-03-02,RB=F,1.9364
2021-03-03,RB=F,1.9518
2021-03-04,RB=F,1.9979
2021-03-05,RB=F,2.0647
2021-03-08,RB=F,2.0487
2021-03-09,RB=F,2.0502
2021-03-10,RB=F,2.0795
2021-03-11,RB=F,2.138
2021-03-12,RB=F,2.15
2021-03-15,RB=F,2.1046
2021-03-16,RB=F,2.1012
2021-03-17,RB=F,2.0471
2021-03-18,RB=F,1.9441
2021-03-19,RB=F,1.9431
2021-03-22,RB=F,1.9598
2021-03-23,RB=F,1.8964
2021-03-24,RB=F,1.989
2021-03-25,RB=F,1.9209
2021-03-26,RB=F,1.9673
2021-03-29,RB=F,1.9952
2021-03-30,RB=F,1.989
2021-03-31,RB=F,1.9533
2021-04-01,RB=F,2.0223
2021-04-05,RB=F,1.9611
2021-04-06,RB=F,1.9663
2021-04-07,RB=F,1.9518
2021-04-08,RB=F,1.9593
2021-04-09,RB=F,1.9621
2021-04-12,RB=F,1.97
2021-04-13,RB=F,1.9757
2021-04-14,RB=F,2.0355
2021-04-15,RB=F,2.0518
2021-04-16,RB=F,2.0399
2021-04-19,RB=F,2.0445
2021-04-20,RB=F,2.0174
2021-04-21,RB=F,1.9834
2021-04-22,RB=F,1.9747
2021-04-23,RB=F,1.9957
2021-04-26,RB=F,1.9786
2021-04-27,RB=F,2.0204
2021-04-28,RB=F,2.0722
2021-04-29,RB=F,2.0999
2021-04-30,RB=F,2.0698
2021-05-03,RB=F,2.1015
2021-05-04,RB=F,2.1512
2021-05-05,RB=F,2.1513
2021-05-06,RB=F,2.1137
2021-05-07,RB=F,2.1269
2021-05-10,RB=F,2.1334
2021-05-11,RB=F,2.1399
2021-05-12,RB=F,2.161
2021-05-13,RB=F,2.0953
2021-05-14,RB=F,2.1266
2021-05-17,RB=F,2.1583
2021-05-18,RB=F,2.1609
2021-05-19,RB=F,2.102
2021-05-20,RB=F,2.0472
2021-05-21,RB=F,2.0685
2021-05-24,RB=F,2.1177
2021-05-25,RB=F,2.1173
2021-05-26,RB=F,2.1501
2021-05-27,RB=F,2.1518
2021-05-28,RB=F,2.1402
2021-06-01,RB=F,2.1704
2021-06-02,RB=F,2.1941
2021-06-03,RB=F,2.2018
2021-06-04,RB=F,2.2115
2021-06-07,RB=F,2.1931
2021-06-08,RB=F,2.219
2021-06-09,RB=F,2.2025
2021-06-10,RB=F,2.2122
2021-06-11,RB=F,2.1861
2021-06-14,RB=F,2.1712
2021-06-15,RB=F,2.1705
2021-06-16,RB=F,2.1562
2021-06-17,RB=F,2.1342
2021-06-18,RB=F,2.1683
2021-06-21,RB=F,2.1969
2021-06-22,RB=F,2.2243
2021-06-23,RB=F,2.2669
2021-06-24,RB=F,2.2809
2021-06-25,RB=F,2.2639
2021-06-28,RB=F,2.2166
2021-06-29,RB=F,2.239
2021-06-30,RB=F,2.2444
2021-07-01,RB=F,2.2676
2021-07-02,RB=F,2.2998
2021-07-06,RB=F,2.2282
2021-07-07,RB=F,2.206
2021-07-08,RB=F,2.2552
2021-07-09,RB=F,2.292
2021-07-12,RB=F,2.2772
2021-07-13,RB=F,2.3183
2021-07-14,RB=F,2.2935
2021-07-15,RB=F,2.2503
2021-07-16,RB=F,2.2536
2021-07-19,RB=F,2.1104
2021-07-20,RB=F,2.1315
2021-07-21,RB=F,2.2167
2021-07-22,RB=F,2.2732
2021-07-23,RB=F,2.2913
2021-07-26,RB=F,2.3083
2021-07-27,RB=F,2.3141
2021-07-28,RB=F,2.3082
2021-07-29,RB=F,2.3514
2021-07-30,RB=F,2.3659
2021-08-02,RB=F,2.2747
2021-08-03,RB=F,2.2708
2021-08-04,RB=F,2.25
2021-08-05,RB=F,2.294
2021-08-06,RB=F,2.2569
2021-08-09,RB=F,2.2348
2021-08-10,RB=F,2.2679
2021-08-11,RB=F,2.3022
2021-08-12,RB=F,2.2754
2021-08-13,RB=F,2.2626
2021-08-16,RB=F,2.2009
2021-08-17,RB=F,2.1656
2021-08-18,RB=F,2.1477
2021-08-19,RB=F,2.0815
2021-08-20,RB=F,2.0236
2021-08-23,RB=F,2.1232
2021-08-24,RB=F,2.1808
2021-08-25,RB=F,2.3008
2021-08-26,RB=F,2.2554
2021-08-27,RB=F,2.2742
2021-08-30,RB=F,2.3127
2021-08-31,RB=F,2.2826
2021-09-01,RB=F,2.1109
2021-09-02,RB=F,2.1635
2021-09-03,RB=F,2.154
2021-09-07,RB=F,2.13
2021-09-08,RB=F,2.1321
2021-09-09,RB=F,2.0997
2021-09-10,RB=F,2.154
2021-09-13,RB=F,2.1609
2021-09-14,RB=F,2.1724
2021-09-15,RB=F,2.2066
2021-09-16,RB=F,2.1812
2021-09-17,RB=F,2.1713
2021-09-20,RB=F,2.1152
2021-09-21,RB=F,2.1052
2021-09-22,RB=F,2.1239
2021-09-23,RB=F,2.1715
2021-09-24,RB=F,2.1875
2021-09-27,RB=F,2.2237
2021-09-28,RB=F,2.2019
2021-09-29,RB=F,2.2293
2021-09-30,RB=F,2.2536
2021-10-01,RB=F,2.25
2021-10-04,RB=F,2.3085
2021-10-05,RB=F,2.3579
2021-10-06,RB=F,2.3082
2021-10-07,RB=F,2.3344
2021-10-08,RB=F,2.3662
2021-10-11,RB=F,2.3779
2021-10-12,RB=F,2.3829
2021-10-13,RB=F,2.4055
2021-10-14,RB=F,2.435
2021-10-15,RB=F,2.4864
2021-10-18,RB=F,2.4866
2021-10-19,RB=F,2.4755
2021-10-20,RB=F,2.5084
2021-10-21,RB=F,2.4801
2021-10-22,RB=F,2.4821
2021-10-25,RB=F,2.5162
2021-10-26,RB=F,2.5168
2021-10-27,RB=F,2.4497
2021-10-28,RB=F,2.435
2021-10-29,RB=F,2.462
2021-11-01,RB=F,2.4093
2021-11-02,RB=F,2.4501
2021-11-03,RB=F,2.3385
2021-11-04,RB=F,2.2926
2021-11-05,RB=F,2.3209
2021-11-08,RB=F,2.3222
2021-11-09,RB=F,2.3752
2021-11-10,RB=F,2.2972
2021-11-11,RB=F,2.3178
2021-11-12,RB=F,2.3114
2021-11-15,RB=F,2.3288
2021-11-16,RB=F,2.3497
2021-11-17,RB=F,2.2803
2021-11-18,RB=F,2.2943
2021-11-19,RB=F,2.2119
2021-11-22,RB=F,2.2602
2021-11-23,RB=F,2.3372
2021-11-24,RB=F,2.3197
2021-11-26,RB=F,2.0294
2021-11-29,RB=F,2.0771
2021-11-30,RB=F,1.9801
2021-12-01,RB=F,1.9511
2021-12-02,RB=F,1.9677
2021-12-03,RB=F,1.9529
2021-12-06,RB=F,2.0433
2021-12-07,RB=F,2.1
2021-12-08,RB=F,2.1485
2021-12-09,RB=F,2.1284
2021-12-10,RB=F,2.1372
2021-12-13,RB=F,2.1165
2021-12-14,RB=F,2.1108
2021-12-15,RB=F,2.1275
2021-12-16,RB=F,2.1778
2021-12-17,RB=F,2.1217
2021-12-20,RB=F,2.09
2021-12-21,RB=F,2.1522
2021-12-22,RB=F,2.168
2021-12-23,RB=F,2.2061
2021-12-27,RB=F,2.2339
2021-12-28,RB=F,2.2471
2021-12-29,RB=F,2.2717
2021-12-30,RB=F,2.2968
2021-12-31,RB=F,2.2285
2022-01-03,RB=F,2.2565
2022-01-04,RB=F,2.2763
2022-01-05,RB=F,2.2921
2022-01-06,RB=F,2.3043
2022-01-07,RB=F,2.2989
2022-01-10,RB=F,2.2754
2022-01-11,RB=F,2.3574
2022-01-12,RB=F,2.3908
2022-01-13,RB=F,2.3841
2022-01-14,RB=F,2.419
2022-01-18,RB=F,2.4318
2022-01-19,RB=F,2.457
2022-01-20,RB=F,2.4622
2022-01-21,RB=F,2.4424
2022-01-24,RB=F,2.398
2022-01-25,RB=F,2.4595
2022-01-26,RB=F,2.5229
2022-01-27,RB=F,2.521
2022-01-28,RB=F,2.5423
2022-01-31,RB=F,2.5543
2022-02-01,RB=F,2.5752
2022-02-02,RB=F,2.607
2022-02-03,RB=F,2.6427
2022-02-04,RB=F,2.6785
2022-02-07,RB=F,2.6853
2022-02-08,RB=F,2.6251
2022-02-09,RB=F,2.6534
2022-02-10,RB=F,2.6654
2022-02-11,RB=F,2.7386
2022-02-14,RB=F,2.7794
2022-02-15,RB=F,2.6691
2022-02-16,RB=F,2.6771
2022-02-17,RB=F,2.6486
2022-02-18,RB=F,2.6696
2022-02-22,RB=F,2.7108
2022-02-23,RB=F,2.7253
2022-02-24,RB=F,2.771
2022-02-25,RB=F,2.7273
2022-02-28,RB=F,2.797
2022-03-01,RB=F,3.0887
2022-03-02,RB=F,3.3083
2022-03-03,RB=F,3.2844
2022-03-04,RB=F,3.544
2022-03-07,RB=F,3.5721
2022-03-08,RB=F,3.6826
2022-03-09,RB=F,3.2938
2022-03-10,RB=F,3.1567
2022-03-11,RB=F,3.3121
2022-03-14,RB=F,3.1689
2022-03-15,RB=F,2.9981
2022-03-16,RB=F,2.9875
2022-03-17,RB=F,3.2166
2022-03-18,RB=F,3.2388
2022-03-21,RB=F,3.3716
2022-03-22,RB=F,3.3307
2022-03-23,RB=F,3.4387
2022-03-24,RB=F,3.3897
2022-03-25,RB=F,3.47
2022-03-28,RB=F,3.2188
2022-03-29,RB=F,3.2033
2022-03-30,RB=F,3.325
2022-03-31,RB=F,3.1896
2022-04-01,RB=F,3.1535
2022-04-04,RB=F,3.1981
2022-04-05,RB=F,3.1649
2022-04-06,RB=F,3.0462
2022-04-07,RB=F,3.0398
2022-04-08,RB=F,3.1316
2022-04-11,RB=F,3.0031
2022-04-12,RB=F,3.1538
2022-04-13,RB=F,3.2913
2022-04-14,RB=F,3.3814
2022-04-18,RB=F,3.3781
2022-04-19,RB=F,3.2474
2022-04-20,RB=F,3.2848
2022-04-21,RB=F,3.3386
2022-04-22,RB=F,3.305
2022-04-25,RB=F,3.2398
2022-04-26,RB=F,3.3388
2022-04-27,RB=F,3.456
2022-04-28,RB=F,3.5034
2022-04-29,RB=F,3.4721
2022-05-02,RB=F,3.5101
2022-05-03,RB=F,3.5012
2022-05-04,RB=F,3.6523
2022-05-05,RB=F,3.6587
2022-05-06,RB=F,3.759
2022-05-09,RB=F,3.6419
2022-05-10,RB=F,3.5415
2022-05-11,RB=F,3.6855
2022-05-12,RB=F,3.7917
2022-05-13,RB=F,3.9578
2022-05-16,RB=F,4.0229
2022-05-17,RB=F,3.9417
2022-05-18,RB=F,3.7206
2022-05-19,RB=F,3.8317
2022-05-20,RB=F,3.837
2022-05-23,RB=F,3.7977
2022-05-24,RB=F,3.811
2022-05-25,RB=F,3.8317
2022-05-26,RB=F,3.8774
2022-05-27,RB=F,4.0158
2022-05-31,RB=F,4.0804
2022-06-01,RB=F,4.0716
2022-06-02,RB=F,4.1909
2022-06-03,RB=F,4.2522
2022-06-06,RB=F,4.193
2022-06-07,RB=F,4.1577
2022-06-08,RB=F,4.2219
2022-06-09,RB=F,4.2762
2022-06-10,RB=F,4.1722
2022-06-13,RB=F,4.0353
2022-06-14,RB=F,3.9938
2022-06-15,RB=F,3.8942
2022-06-16,RB=F,3.9558
2022-06-17,RB=F,3.793
2022-06-21,RB=F,3.7945
2022-06-22,RB=F,3.8341
2022-06-23,RB=F,3.7656
2022-06-24,RB=F,3.8848
2022-06-27,RB=F,3.8372
2022-06-28,RB=F,3.9351
2022-06-29,RB=F,3.827
2022-06-30,RB=F,3.6498
2022-07-01,RB=F,3.6878
2022-07-05,RB=F,3.329
2022-07-06,RB=F,3.2366
2022-07-07,RB=F,3.4204
2022-07-08,RB=F,3.4471
2022-07-11,RB=F,3.4622
2022-07-12,RB=F,3.2646
2022-07-13,RB=F,3.2337
2022-07-14,RB=F,3.1868
2022-07-15,RB=F,3.2132
2022-07-18,RB=F,3.2643
2022-07-19,RB=F,3.3075
2022-07-20,RB=F,3.2754
2022-07-21,RB=F,3.1495
2022-07-22,RB=F,3.2228
2022-07-25,RB=F,3.382
2022-07-26,RB=F,3.355
2022-07-27,RB=F,3.4288
2022-07-28,RB=F,3.4646
2022-07-29,RB=F,3.4881
2022-08-01,RB=F,2.9981
2022-08-02,RB=F,3.0567
2022-08-03,RB=F,2.9122
2022-08-04,RB=F,2.7935
2022-08-05,RB=F,2.8556
2022-08-08,RB=F,2.8862
2022-08-09,RB=F,2.9602
2022-08-10,RB=F,3.0703
2022-08-11,RB=F,3.0715
2022-08-12,RB=F,3.046
2022-08-15,RB=F,2.9517
2022-08-16,RB=F,2.9007
2022-08-17,RB=F,2.9345
2022-08-18,RB=F,3.0261
2022-08-19,RB=F,3.0175
2022-08-22,RB=F,2.8912
2022-08-23,RB=F,2.933
2022-08-24,RB=F,2.8007
2022-08-25,RB=F,2.8121
2022-08-26,RB=F,2.8513
2022-08-29,RB=F,2.8776
2022-08-30,RB=F,2.6944
2022-08-31,RB=F,2.6059
2022-09-01,RB=F,2.3853
2022-09-02,RB=F,2.4636
2022-09-06,RB=F,2.4159
2022-09-07,RB=F,2.3077
2022-09-08,RB=F,2.3461
2022-09-09,RB=F,2.4331
2022-09-12,RB=F,2.4448
2022-09-13,RB=F,2.4804
2022-09-14,RB=F,2.5245
2022-09-15,RB=F,2.4287
2022-09-16,RB=F,2.4157
2022-09-19,RB=F,2.4641
2022-09-20,RB=F,2.4478
2022-09-21,RB=F,2.4865
2022-09-22,RB=F,2.5157
2022-09-23,RB=F,2.383
2022-09-26,RB=F,2.3842
2022-09-27,RB=F,2.4931
2022-09-28,RB=F,2.5779
2022-09-29,RB=F,2.5076
2022-09-30,RB=F,2.4726
2022-10-03,RB=F,2.5129
2022-10-04,RB=F,2.683
2022-10-05,RB=F,2.6685
2022-10-06,RB=F,2.6814
2022-10-07,RB=F,2.7346
2022-10-10,RB=F,2.6228
2022-10-11,RB=F,2.6273
2022-10-12,RB=F,2.6303
2022-10-13,RB=F,2.7034
2022-10-14,RB=F,2.6309
2022-10-17,RB=F,2.5931
2022-10-18,RB=F,2.5506
2022-10-19,RB=F,2.6522
2022-10-20,RB=F,2.6478
2022-10-21,RB=F,2.662
2022-10-24,RB=F,2.7302
2022-10-25,RB=F,2.916
2022-10-26,RB=F,2.8994
2022-10-27,RB=F,3.0116
2022-10-28,RB=F,2.9066
2022-10-31,RB=F,2.8107
2022-11-01,RB=F,2.5945
2022-11-02,RB=F,2.6972
2022-11-03,RB=F,2.6939
2022-11-04,RB=F,2.7348
2022-11-07,RB=F,2.6531
2022-11-08,RB=F,2.6367
2022-11-09,RB=F,2.5446
2022-11-10,RB=F,2.5663
2022-11-11,RB=F,2.6096
2022-11-14,RB=F,2.5285
2022-11-15,RB=F,2.5161
2022-11-16,RB=F,2.508
2022-11-17,RB=F,2.4547
2022-11-18,RB=F,2.4208
2022-11-21,RB=F,2.4371
2022-11-22,RB=F,2.5405
2022-11-23,RB=F,2.4744
2022-11-25,RB=F,2.3282
2022-11-28,RB=F,2.3306
2022-11-29,RB=F,2.3321
2022-11-30,RB=F,2.4185
2022-12-01,RB=F,2.342
2022-12-02,RB=F,2.2804
2022-12-05,RB=F,2.2019
2022-12-06,RB=F,2.1491
2022-12-07,RB=F,2.0772
2022-12-08,RB=F,2.0491
2022-12-09,RB=F,2.0561
2022-12-12,RB=F,2.081
2022-12-13,RB=F,2.1609
2022-12-14,RB=F,2.2444
2022-12-15,RB=F,2.1668
2022-12-16,RB=F,2.1323
2022-12-19,RB=F,2.1776
2022-12-20,RB=F,2.2228
2022-12-21,RB=F,2.2558
2022-12-22,RB=F,2.2488
2022-12-23,RB=F,2.3836
2022-12-27,RB=F,2.3602
2022-12-28,RB=F,2.3629
2022-12-29,RB=F,2.3707
2022-12-30,RB=F,2.4595
2023-01-03,RB=F,2.3612
2023-01-04,RB=F,2.2592
2023-01-05,RB=F,2.2671
2023-01-06,RB=F,2.2446
2023-01-09,RB=F,2.2929
2023-01-10,RB=F,2.3277
2023-01-11,RB=F,2.4345
2023-01-12,RB=F,2.4753
2023-01-13,RB=F,2.5328
2023-01-17,RB=F,2.5451
2023-01-18,RB=F,2.5235
2023-01-19,RB=F,2.5968
2023-01-20,RB=F,2.6454
2023-01-23,RB=F,2.6965
2023-01-24,RB=F,2.6487
2023-01-25,RB=F,2.5934
2023-01-26,RB=F,2.6121
2023-01-27,RB=F,2.5886
2023-01-30,RB=F,2.4989
2023-01-31,RB=F,2.5435
2023-02-01,RB=F,2.4538
2023-02-02,RB=F,2.4523
2023-02-03,RB=F,2.321
2023-02-06,RB=F,2.3734
2023-02-07,RB=F,2.4568
2023-02-08,RB=F,2.4628
2023-02-09,RB=F,2.4475
2023-02-10,RB=F,2.5037
2023-02-13,RB=F,2.5311
2023-02-14,RB=F,2.4885
2023-02-15,RB=F,2.4978
2023-02-16,RB=F,2.4355
2023-02-17,RB=F,2.4082
2023-02-21,RB=F,2.4156
2023-02-22,RB=F,2.3376
2023-02-23,RB=F,2.3795
2023-02-24,RB=F,2.3587
2023-02-27,RB=F,2.3683
2023-02-28,RB=F,2.4343
2023-03-01,RB=F,2.6748
2023-03-02,RB=F,2.7003
2023-03-03,RB=F,2.7504
2023-03-06,RB=F,2.7965
2023-03-07,RB=F,2.7007
2023-03-08,RB=F,2.6889
2023-03-09,RB=F,2.6051
2023-03-10,RB=F,2.6458
2023-03-13,RB=F,2.5914
2023-03-14,RB=F,2.553
2023-03-15,RB=F,2.4384
2023-03-16,RB=F,2.5035
2023-03-17,RB=F,2.5015
2023-03-20,RB=F,2.536
2023-03-21,RB=F,2.5389
2023-03-22,RB=F,2.5932
2023-03-23,RB=F,2.6059
2023-03-24,RB=F,2.5885
2023-03-27,RB=F,2.6842
2023-03-28,RB=F,2.7121
2023-03-29,RB=F,2.6681
2023-03-30,RB=F,2.6614
2023-03-31,RB=F,2.7005
2023-04-03,RB=F,2.7575
2023-04-04,RB=F,2.7371
2023-04-05,RB=F,2.8201
2023-04-06,RB=F,2.8133
2023-04-10,RB=F,2.8079
2023-04-11,RB=F,2.8652
2023-04-12,RB=F,2.8727
2023-04-13,RB=F,2.8317
2023-04-14,RB=F,2.8359
2023-04-17,RB=F,2.774
2023-04-18,RB=F,2.7509
2023-04-19,RB=F,2.6455
2023-04-20,RB=F,2.5864
2023-04-21,RB=F,2.6016
2023-04-24,RB=F,2.6318
2023-04-25,RB=F,2.5886
2023-04-26,RB=F,2.5494
2023-04-27,RB=F,2.5328
2023-04-28,RB=F,2.578
2023-05-01,RB=F,2.5504
2023-05-02,RB=F,2.4357
2023-05-03,RB=F,2.3221
2023-05-04,RB=F,2.3259
2023-05-05,RB=F,2.379
2023-05-08,RB=F,2.4616
2023-05-09,RB=F,2.4799
2023-05-10,RB=F,2.4949
2023-05-11,RB=F,2.4577
2023-05-12,RB=F,2.4302
2023-05-15,RB=F,2.472
2023-05-16,RB=F,2.4791
2023-05-17,RB=F,2.5692
2023-05-18,RB=F,2.5683
2023-05-19,RB=F,2.5761
2023-05-22,RB=F,2.6489
2023-05-23,RB=F,2.6622
2023-05-24,RB=F,2.7212
2023-05-25,RB=F,2.6735
2023-05-26,RB=F,2.7034
2023-05-30,RB=F,2.5959
2023-05-31,RB=F,2.5599
2023-06-01,RB=F,2.4362
2023-06-02,RB=F,2.5007
2023-06-05,RB=F,2.5244
2023-06-06,RB=F,2.5643
2023-06-07,RB=F,2.6412
2023-06-08,RB=F,2.6127
2023-06-09,RB=F,2.5932
2023-06-12,RB=F,2.4826
2023-06-13,RB=F,2.5579
2023-06-14,RB=F,2.5546
2023-06-15,RB=F,2.6417
2023-06-16,RB=F,2.6805
2023-06-20,RB=F,2.6092
2023-06-21,RB=F,2.6241
2023-06-22,RB=F,2.5501
2023-06-23,RB=F,2.5172
2023-06-26,RB=F,2.5375
2023-06-27,RB=F,2.5168
2023-06-28,RB=F,2.6034
2023-06-29,RB=F,2.6177
2023-06-30,RB=F,2.634
2023-07-03,RB=F,2.4624
2023-07-05,RB=F,2.5183
2023-07-06,RB=F,2.5438
2023-07-07,RB=F,2.5893
2023-07-10,RB=F,2.5696
2023-07-11,RB=F,2.6227
2023-07-12,RB=F,2.667
2023-07-13,RB=F,2.6786
2023-07-14,RB=F,2.6437
2023-07-17,RB=F,2.6317
2023-07-18,RB=F,2.6944
2023-07-19,RB=F,2.7205
2023-07-20,RB=F,2.7432
2023-07-21,RB=F,2.8018
2023-07-24,RB=F,2.8951
2023-07-25,RB=F,2.8533
2023-07-26,RB=F,2.9072
2023-07-27,RB=F,2.9505
2023-07-28,RB=F,2.9558
2023-07-31,RB=F,2.929
2023-08-01,RB=F,2.873
2023-08-02,RB=F,2.7758
2023-08-03,RB=F,2.7647
2023-08-04,RB=F,2.7831
2023-08-07,RB=F,2.8044
2023-08-08,RB=F,2.8451
2023-08-09,RB=F,2.9284
2023-08-10,RB=F,2.9047
2023-08-11,RB=F,2.9649
2023-08-14,RB=F,2.9062
2023-08-15,RB=F,2.8476
2023-08-16,RB=F,2.8671
2023-08-17,RB=F,2.8217
2023-08-18,RB=F,2.8232
2023-08-21,RB=F,2.7726
2023-08-22,RB=F,2.7891
2023-08-23,RB=F,2.7688
2023-08-24,RB=F,2.78
2023-08-25,RB=F,2.8764
2023-08-28,RB=F,2.7957
2023-08-29,RB=F,2.7905
2023-08-30,RB=F,2.8092
2023-08-31,RB=F,2.7664
2023-09-01,RB=F,2.5912
2023-09-05,RB=F,2.581
2023-09-06,RB=F,2.6014
2023-09-07,RB=F,2.623
2023-09-08,RB=F,2.6537
2023-09-11,RB=F,2.7187
2023-09-12,RB=F,2.7279
2023-09-13,RB=F,2.7384
2023-09-14,RB=F,2.7427
2023-09-15,RB=F,2.7081
2023-09-18,RB=F,2.6979
2023-09-19,RB=F,2.6581
2023-09-20,RB=F,2.6192
2023-09-21,RB=F,2.6199
2023-09-22,RB=F,2.5618
2023-09-25,RB=F,2.5439
2023-09-26,RB=F,2.5622
2023-09-27,RB=F,2.5986
2023-09-28,RB=F,2.5053
2023-09-29,RB=F,2.4399
2023-10-02,RB=F,2.4122
2023-10-03,RB=F,2.3601
2023-10-04,RB=F,2.198
2023-10-05,RB=F,2.189
2023-10-06,RB=F,2.1922
2023-10-09,RB=F,2.2381
2023-10-10,RB=F,2.2584
2023-10-11,RB=F,2.2101
2023-10-12,RB=F,2.165
2023-10-13,RB=F,2.2653
2023-10-16,RB=F,2.273
2023-10-17,RB=F,2.2845
2023-10-18,RB=F,2.3535
2023-10-19,RB=F,2.3617
2023-10-20,RB=F,2.3736
2023-10-23,RB=F,2.3285
2023-10-24,RB=F,2.2676
2023-10-25,RB=F,2.2842
2023-10-26,RB=F,2.2561
2023-10-27,RB=F,2.3125
2023-10-30,RB=F,2.22
2023-10-31,RB=F,2.2227
2023-11-01,RB=F,2.1855
2023-11-02,RB=F,2.246
2023-11-03,RB=F,2.201
2023-11-06,RB=F,2.2359
2023-11-07,RB=F,2.1677
2023-11-08,RB=F,2.1285
2023-11-09,RB=F,2.1608
2023-11-10,RB=F,2.1895
2023-11-13,RB=F,2.2359
2023-11-14,RB=F,2.2228
2023-11-15,RB=F,2.2018
2023-11-16,RB=F,2.1011
2023-11-17,RB=F,2.1845
2023-11-20,RB=F,2.226
2023-11-21,RB=F,2.2338
2023-11-22,RB=F,2.2324
2023-11-23,RB=F,2.2144
2023-11-24,RB=F,2.1651
2023-11-27,RB=F,2.1799
2023-11-28,RB=F,2.23
2023-11-29,RB=F,2.2836
2023-11-30,RB=F,2.1998
2023-12-01,RB=F,2.1211
2023-12-04,RB=F,2.1342
2023-12-05,RB=F,2.1103
2023-12-06,RB=F,2.0302
2023-12-07,RB=F,2.0012
2023-12-08,RB=F,2.0498
2023-12-11,RB=F,2.0431
2023-12-12,RB=F,1.9797
2023-12-13,RB=F,2.0249
2023-12-14,RB=F,2.1188
2023-12-15,RB=F,2.137
2023-12-18,RB=F,2.159
2023-12-19,RB=F,2.2008
2023-12-20,RB=F,2.2007
2023-12-21,RB=F,2.1585
2023-12-22,RB=F,2.1301
2023-12-26,RB=F,2.1583
2023-12-27,RB=F,2.155
2023-12-28,RB=F,2.0852
2023-12-29,RB=F,2.1026
2024-01-02,RB=F,2.0949
2024-01-03,RB=F,2.1581
2024-01-04,RB=F,2.1101
2024-01-05,RB=F,2.1055
2024-01-08,RB=F,2.0278
2024-01-09,RB=F,2.0768
2024-01-10,RB=F,2.0673
2024-01-11,RB=F,2.1143
2024-01-12,RB=F,2.1203
2024-01-16,RB=F,2.1219
2024-01-17,RB=F,2.1354
2024-01-18,RB=F,2.1835
2024-01-19,RB=F,2.1628
2024-01-22,RB=F,2.2378
2024-01-23,RB=F,2.2101
2024-01-24,RB=F,2.2095
2024-01-25,RB=F,2.2644
2024-01-26,RB=F,2.2941
2024-01-29,RB=F,2.2285
2024-01-30,RB=F,2.2607
2024-01-31,RB=F,2.1833
2024-02-01,RB=F,2.1948
2024-02-02,RB=F,2.1475
2024-02-05,RB=F,2.2092
2024-02-06,RB=F,2.2173
2024-02-07,RB=F,2.263
2024-02-08,RB=F,2.342
2024-02-09,RB=F,2.3395
2024-02-12,RB=F,2.3673
2024-02-13,RB=F,2.3946
2024-02-14,RB=F,2.3169
2024-02-15,RB=F,2.3183
2024-02-16,RB=F,2.336
2024-02-20,RB=F,2.2774
2024-02-21,RB=F,2.286
2024-02-22,RB=F,2.3347
2024-02-23,RB=F,2.2767
2024-02-26,RB=F,2.3056
2024-02-27,RB=F,2.3444
2024-02-28,RB=F,2.271
2024-02-29,RB=F,2.3043
2024-03-01,RB=F,2.6144
2024-03-04,RB=F,2.5857
2024-03-05,RB=F,2.5328
2024-03-06,RB=F,2.5539
2024-03-07,RB=F,2.5548
2024-03-08,RB=F,2.5272
2024-03-11,RB=F,2.5805
2024-03-12,RB=F,2.5864
2024-03-13,RB=F,2.6615
2024-03-14,RB=F,2.7033
2024-03-15,RB=F,2.7208
2024-03-18,RB=F,2.7573
2024-03-19,RB=F,2.7622
2024-03-20,RB=F,2.7332
2024-03-21,RB=F,2.7271
2024-03-22,RB=F,2.7398
2024-03-25,RB=F,2.7484
2024-03-26,RB=F,2.7006
2024-03-27,RB=F,2.6847
2024-03-28,RB=F,2.7611
2024-04-01,RB=F,2.71
2024-04-02,RB=F,2.7589
2024-04-03,RB=F,2.7609
2024-04-04,RB=F,2.7942
2024-04-05,RB=F,2.7886
2024-04-08,RB=F,2.7486
2024-04-09,RB=F,2.7556
2024-04-10,RB=F,2.7816
2024-04-11,RB=F,2.7741
2024-04-12,RB=F,2.8029
2024-04-15,RB=F,2.7839
2024-04-16,RB=F,2.8223
2024-04-17,RB=F,2.7287
2024-04-18,RB=F,2.7137
2024-04-19,RB=F,2.7103
2024-04-22,RB=F,2.6854
2024-04-23,RB=F,2.7253
2024-04-24,RB=F,2.7343
2024-04-25,RB=F,2.7582
2024-04-26,RB=F,2.7646
2024-04-29,RB=F,2.7487
2024-04-30,RB=F,2.7108
2024-05-01,RB=F,2.5774
2024-05-02,RB=F,2.5965
2024-05-03,RB=F,2.5551
2024-05-06,RB=F,2.5882
2024-05-07,RB=F,2.5434
2024-05-08,RB=F,2.5318
2024-05-09,RB=F,2.5418
2024-05-10,RB=F,2.4997
2024-05-13,RB=F,2.5105
2024-05-14,RB=F,2.4596
2024-05-15,RB=F,2.4968
2024-05-16,RB=F,2.5378
2024-05-17,RB=F,2.5742
2024-05-20,RB=F,2.5399
2024-05-21,RB=F,2.51
2024-05-22,RB=F,2.4678
2024-05-23,RB=F,2.4694
2024-05-24,RB=F,2.4842
2024-05-28,RB=F,2.509
2024-05-29,RB=F,2.4644
2024-05-30,RB=F,2.4046
2024-05-31,RB=F,2.426
2024-06-03,RB=F,2.3356
2024-06-04,RB=F,2.3495
2024-06-05,RB=F,2.3536
2024-06-06,RB=F,2.3975
2024-06-07,RB=F,2.3826
2024-06-10,RB=F,2.4109
2024-06-11,RB=F,2.4089
2024-06-12,RB=F,2.3944
2024-06-13,RB=F,2.4156
2024-06-14,RB=F,2.3996
2024-06-17,RB=F,2.4469
2024-06-18,RB=F,2.4832
2024-06-20,RB=F,2.5008
2024-06-21,RB=F,2.5137
2024-06-24,RB=F,2.5115
2024-06-25,RB=F,2.5147
2024-06-26,RB=F,2.5446
2024-06-27,RB=F,2.5456
2024-06-28,RB=F,2.5291
2024-07-01,RB=F,2.5783
2024-07-02,RB=F,2.5734
2024-07-03,RB=F,2.6013
2024-07-05,RB=F,2.5591
2024-07-08,RB=F,2.5379
2024-07-09,RB=F,2.5274
2024-07-10,RB=F,2.5034
2024-07-11,RB=F,2.5178
2024-07-12,RB=F,2.5153
2024-07-15,RB=F,2.4916
2024-07-16,RB=F,2.4775
2024-07-17,RB=F,2.5013
2024-07-18,RB=F,2.5164
2024-07-19,RB=F,2.4504
2024-07-22,RB=F,2.4706
2024-07-23,RB=F,2.4141
2024-07-24,RB=F,2.4515
2024-07-25,RB=F,2.4676
2024-07-26,RB=F,2.4605
2024-07-29,RB=F,2.4153
2024-07-30,RB=F,2.3871
2024-07-31,RB=F,2.482
2024-08-01,RB=F,2.398
2024-08-02,RB=F,2.3176
2024-08-05,RB=F,2.3336
2024-08-06,RB=F,2.3262
2024-08-07,RB=F,2.3573
2024-08-08,RB=F,2.3992
2024-08-09,RB=F,2.3903
2024-08-12,RB=F,2.4429
2024-08-13,RB=F,2.3747
2024-08-14,RB=F,2.3211
2024-08-15,RB=F,2.358
2024-08-16,RB=F,2.3102
2024-08-19,RB=F,2.2638
2024-08-20,RB=F,2.2563
2024-08-21,RB=F,2.205
2024-08-22,RB=F,2.2437
2024-08-23,RB=F,2.2851
2024-08-26,RB=F,2.2799
2024-08-27,RB=F,2.2469
2024-08-28,RB=F,2.2148
2024-08-29,RB=F,2.2477
2024-08-30,RB=F,2.2117
2024-09-03,RB=F,1.9777
2024-09-04,RB=F,1.9618
2024-09-05,RB=F,1.9258
2024-09-06,RB=F,1.896
2024-09-09,RB=F,1.9204
2024-09-10,RB=F,1.87
2024-09-11,RB=F,1.8972
2024-09-12,RB=F,1.927
2024-09-13,RB=F,1.9302
2024-09-16,RB=F,1.9682
2024-09-17,RB=F,2.0019
2024-09-18,RB=F,2.0107
2024-09-19,RB=F,2.06
2024-09-20,RB=F,2.0364
2024-09-23,RB=F,1.9902
2024-09-24,RB=F,2.0297
2024-09-25,RB=F,1.9999
2024-09-26,RB=F,1.9613
2024-09-27,RB=F,1.953
2024-09-30,RB=F,1.9621
2024-10-01,RB=F,1.9666
2024-10-02,RB=F,1.9859
2024-10-03,RB=F,2.0926
2024-10-04,RB=F,2.0958
2024-10-07,RB=F,2.1538
2024-10-08,RB=F,2.0681
2024-10-09,RB=F,2.0664
2024-10-10,RB=F,2.1509
2024-10-11,RB=F,2.1516
2024-10-14,RB=F,2.1086
2024-10-15,RB=F,2.0377
2024-10-16,RB=F,2.0403
2024-10-17,RB=F,2.0468
2024-10-18,RB=F,2.002
2024-10-21,RB=F,2.0147
2024-10-22,RB=F,2.0715
2024-10-23,RB=F,2.0414
2024-10-24,RB=F,2.0277
2024-10-25,RB=F,2.0785
2024-10-28,RB=F,1.9664
2024-10-29,RB=F,1.9518
2024-10-30,RB=F,1.9957
2024-10-31,RB=F,2.0035
2024-11-01,RB=F,1.9665
2024-11-04,RB=F,2.0192
2024-11-05,RB=F,2.0446
2024-11-06,RB=F,2.0354
2024-11-07,RB=F,2.0536
2024-11-08,RB=F,2.0125
2024-11-11,RB=F,1.957
2024-11-12,RB=F,1.9643
2024-11-13,RB=F,1.9651
2024-11-14,RB=F,1.9817
2024-11-15,RB=F,1.9493
2024-11-18,RB=F,2.0183
2024-11-19,RB=F,2.0377
2024-11-20,RB=F,2.0458
2024-11-21,RB=F,2.0594
2024-11-22,RB=F,2.0614
2024-11-25,RB=F,2.0005
2024-11-26,RB=F,1.9918
2024-11-27,RB=F,1.9734
2024-11-29,RB=F,1.9437
2024-12-02,RB=F,1.9172
2024-12-03,RB=F,1.9624
2024-12-04,RB=F,1.9391
2024-12-05,RB=F,1.9325
2024-12-06,RB=F,1.9062
2024-12-09,RB=F,1.9525
2024-12-10,RB=F,1.9568
2024-12-11,RB=F,1.9858
2024-12-12,RB=F,1.9885
2024-12-13,RB=F,2.0018
2024-12-16,RB=F,1.9757
2024-12-17,RB=F,1.9439
2024-12-18,RB=F,1.9428
2024-12-19,RB=F,1.9228
2024-12-20,RB=F,1.9416
2024-12-23,RB=F,1.9383
2024-12-24,RB=F,1.9589
2024-12-26,RB=F,1.9458
2024-12-27,RB=F,1.9582
2024-12-30,RB=F,1.9763
2024-12-31,RB=F,2.0015
2025-01-02,RB=F,2.0519
2025-01-03,RB=F,2.0537
2025-01-06,RB=F,2.0355
2025-01-07,RB=F,2.0266
2025-01-08,RB=F,2.0102
2025-01-09,RB=F,2.0283
2025-01-10,RB=F,2.0749
2025-01-13,RB=F,2.1003
2025-01-14,RB=F,2.1046
2025-01-15,RB=F,2.1589
2025-01-16,RB=F,2.1232
2025-01-17,RB=F,2.1122
2025-01-21,RB=F,2.0843
2025-01-22,RB=F,2.0578
2025-01-23,RB=F,2.0656
2025-01-24,RB=F,2.049
2025-01-27,RB=F,2.0282
2025-01-28,RB=F,2.0526
2025-01-29,RB=F,2.0357
2025-01-30,RB=F,2.0374
2025-01-31,RB=F,2.0365
2025-02-03,RB=F,2.1177
2025-02-04,RB=F,2.099
2025-02-05,RB=F,2.0507
2025-02-06,RB=F,2.0747
2025-02-07,RB=F,2.105
2025-02-10,RB=F,2.1042
2025-02-11,RB=F,2.1473
2025-02-12,RB=F,2.0896
2025-02-13,RB=F,2.1107
2025-02-14,RB=F,2.0899
2025-02-18,RB=F,2.0867
2025-02-19,RB=F,2.0865
2025-02-20,RB=F,2.0865
2025-02-21,RB=F,2.0267
2025-02-24,RB=F,2.011
2025-02-25,RB=F,1.9673
2025-02-26,RB=F,1.9489
2025-02-27,RB=F,1.9966
2025-02-28,RB=F,1.9703
2025-03-03,RB=F,2.1878
2025-03-04,RB=F,2.1942
2025-03-05,RB=F,2.137
2025-03-06,RB=F,2.1012
2025-03-07,RB=F,2.1087
2025-03-10,RB=F,2.0925
2025-03-11,RB=F,2.105
2025-03-12,RB=F,2.1501
2025-03-13,RB=F,2.1331
2025-03-14,RB=F,2.1487
2025-03-17,RB=F,2.1812
2025-03-18,RB=F,2.1684
2025-03-19,RB=F,2.1696
2025-03-20,RB=F,2.1911
2025-03-21,RB=F,2.1954
2025-03-24,RB=F,2.2066
2025-03-25,RB=F,2.2087
2025-03-26,RB=F,2.2328
2025-03-27,RB=F,2.2464
2025-03-28,RB=F,2.2347
2025-03-31,RB=F,2.2831
2025-04-01,RB=F,2.3025
2025-04-02,RB=F,2.331
2025-04-03,RB=F,2.1643
2025-04-04,RB=F,2.0545
2025-04-07,RB=F,2.0201
2025-04-08,RB=F,1.9914
2025-04-09,RB=F,2.0384
2025-04-10,RB=F,1.9613
2025-04-11,RB=F,1.9991
2025-04-14,RB=F,2.0222
2025-04-15,RB=F,2.0244
2025-04-16,RB=F,2.0434
2025-04-17,RB=F,2.0988
2025-04-21,RB=F,2.0653
2025-04-22,RB=F,2.0996
2025-04-23,RB=F,2.0839
2025-04-24,RB=F,2.1057
2025-04-25,RB=F,2.1189
2025-04-28,RB=F,2.1058
2025-04-29,RB=F,2.0712
2025-04-30,RB=F,2.037
2025-05-01,RB=F,2.0492
2025-05-02,RB=F,2.0199
2025-05-05,RB=F,2.0228
2025-05-06,RB=F,2.0645
2025-05-07,RB=F,2.0278
2025-05-08,RB=F,2.0854
2025-05-09,RB=F,2.1084
2025-05-12,RB=F,2.1331
2025-05-13,RB=F,2.166
2025-05-14,RB=F,2.17
2025-05-15,RB=F,2.1344
2025-05-16,RB=F,2.1418
2025-05-19,RB=F,2.1388
2025-05-20,RB=F,2.1521
2025-05-21,RB=F,2.1498
2025-05-22,RB=F,2.1312
2025-05-23,RB=F,2.1092
2025-05-27,RB=F,2.0715
2025-05-28,RB=F,2.0892
2025-05-29,RB=F,2.0594
2025-05-30,RB=F,2.0384
2025-06-02,RB=F,2.0525
2025-06-03,RB=F,2.0788
2025-06-04,RB=F,2.034
2025-06-05,RB=F,2.0629
2025-06-06,RB=F,2.0768
2025-06-09,RB=F,2.0952
2025-06-10,RB=F,2.088
2025-06-11,RB=F,2.1668
2025-06-12,RB=F,2.1429
2025-06-13,RB=F,2.2276
2025-06-16,RB=F,2.2199
2025-06-17,RB=F,2.2719
2025-06-18,RB=F,2.3086
2025-06-20,RB=F,2.3295
2025-06-23,RB=F,2.2182
2025-06-24,RB=F,2.0857
2025-06-25,RB=F,2.0824
2025-06-26,RB=F,2.099
2025-06-27,RB=F,2.0898
2025-06-30,RB=F,2.0798
2025-07-01,RB=F,2.1003
2025-07-02,RB=F,2.1229
2025-07-03,RB=F,2.1186
2025-07-04,RB=F,2.1171
2025-07-07,RB=F,2.1522
2025-07-08,RB=F,2.185
2025-07-09,RB=F,2.1879
2025-07-10,RB=F,2.1524
2025-07-11,RB=F,2.187
2025-07-14,RB=F,2.1654
2025-07-15,RB=F,2.1696
2025-07-16,RB=F,2.144
2025-07-17,RB=F,2.1704
2025-07-18,RB=F,2.1534
2025-07-21,RB=F,2.1319
2025-07-22,RB=F,2.1019
2025-07-23,RB=F,2.1213
2025-07-24,RB=F,2.1042
2025-07-25,RB=F,2.097
2025-07-28,RB=F,2.1352
2025-07-29,RB=F,2.2184
2025-07-30,RB=F,2.2691
2025-07-31,RB=F,2.2156
2025-08-01,RB=F,2.1186
2025-08-04,RB=F,2.1022
2025-08-05,RB=F,2.0915
2025-08-06,RB=F,2.0904
2025-08-07,RB=F,2.0775
2025-08-08,RB=F,2.0861
2025-08-11,RB=F,2.0766
2025-08-12,RB=F,2.0744
2025-08-13,RB=F,2.0704
2025-08-14,RB=F,2.1092
2025-08-15,RB=F,2.0725
2025-08-18,RB=F,2.0987
2025-08-19,RB=F,2.089
2025-08-20,RB=F,2.1283
2025-08-21,RB=F,2.1597
2025-08-22,RB=F,2.1585
2025-08-25,RB=F,2.1483
2025-08-26,RB=F,2.1223
2025-08-27,RB=F,2.1489
2025-08-28,RB=F,2.1991
2025-08-29,RB=F,2.1876
2025-09-02,RB=F,2.0428
2025-09-03,RB=F,2.012
2025-09-04,RB=F,2.0095
2025-09-05,RB=F,1.9642
2025-09-08,RB=F,1.9586
2025-09-09,RB=F,1.9925
2025-09-10,RB=F,2.008
2025-09-11,RB=F,1.9793
2025-09-12,RB=F,1.9854
2025-09-15,RB=F,2.0134
2025-09-16,RB=F,2.0416
2025-09-17,RB=F,2.0287
2025-09-18,RB=F,2.0114
2025-09-19,RB=F,1.9707
2025-09-22,RB=F,1.9782
2025-09-23,RB=F,1.9991
2025-09-24,RB=F,2.0188
2025-09-25,RB=F,2.0022
2025-09-26,RB=F,2.0376
2025-09-29,RB=F,1.9951
2025-09-30,RB=F,1.9729
2025-10-01,RB=F,1.8859
2025-10-02,RB=F,1.851
2025-10-03,RB=F,1.8605
2025-10-06,RB=F,1.9016
2025-10-07,RB=F,1.8939
2025-10-08,RB=F,1.9095
2025-10-09,RB=F,1.8826
2025-10-10,RB=F,1.8204
2025-10-13,RB=F,1.8438
2025-10-14,RB=F,1.8286
2025-10-15,RB=F,1.8344
2025-10-16,RB=F,1.8117
2025-10-17,RB=F,1.8377
2025-10-20,RB=F,1.8302
2025-10-21,RB=F,1.8253
2025-10-22,RB=F,1.865
2025-10-23,RB=F,1.9269
2025-10-24,RB=F,1.9227
2025-10-27,RB=F,1.9204
2025-10-28,RB=F,1.9252
2025-10-29,RB=F,1.9737
2025-10-30,RB=F,2.0034
2025-10-31,RB=F,1.9931
2025-11-03,RB=F,1.9161
2025-11-04,RB=F,1.9228
2025-11-05,RB=F,1.9093
2025-11-06,RB=F,1.9656
2025-11-07,RB=F,1.9403
2025-11-10,RB=F,1.9711
2025-11-11,RB=F,2.012
2025-11-12,RB=F,1.9554
2025-11-13,RB=F,1.9597
2025-11-14,RB=F,2.0116
2025-11-17,RB=F,1.9901
2025-11-18,RB=F,1.9993
2025-11-19,RB=F,1.9321
2025-11-20,RB=F,1.9184
2025-11-21,RB=F,1.8834
2025-11-24,RB=F,1.8966
2025-11-25,RB=F,1.8572
2025-11-26,RB=F,1.889
2025-11-28,RB=F,1.8959
2025-12-01,RB=F,1.8689
2025-12-02,RB=F,1.8303
2025-12-03,RB=F,1.8272
2025-12-04,RB=F,1.8271
2025-12-05,RB=F,1.8341
2025-12-08,RB=F,1.7981
2025-12-09,RB=F,1.7897
2025-12-10,RB=F,1.7815
2025-12-11,RB=F,1.7598
2025-12-12,RB=F,1.7521
2025-12-15,RB=F,1.7323
2025-12-16,RB=F,1.6809
2025-12-17,RB=F,1.6943
2025-12-18,RB=F,1.7013
2025-12-19,RB=F,1.7082
2025-12-22,RB=F,1.7422
2025-12-23,RB=F,1.7432
2025-12-24,RB=F,1.7471
2025-12-26,RB=F,1.6971
2025-12-29,RB=F,1.7152
2025-12-30,RB=F,1.721
2025-12-31,RB=F,1.7054
2026-01-02,RB=F,1.6982
2026-01-05,RB=F,1.72
2026-01-06,RB=F,1.7006
2026-01-07,RB=F,1.6945
2026-01-08,RB=F,1.7603
2026-01-09,RB=F,1.7806
2026-01-12,RB=F,1.7938
2026-01-13,RB=F,1.8265
2026-01-14,RB=F,1.8304
2026-01-15,RB=F,1.7838
2026-01-16,RB=F,1.7852
2026-01-20,RB=F,1.8238
2026-01-21,RB=F,1.8574
2026-01-22,RB=F,1.8172
2026-01-23,RB=F,1.851
2026-01-26,RB=F,1.8201
2026-01-27,RB=F,1.8652
2026-01-28,RB=F,1.8923
2026-01-29,RB=F,1.92
2026-01-30,RB=F,1.9228
2026-02-02,RB=F,1.8514
2026-02-03,RB=F,1.8979
2026-02-04,RB=F,1.9652
2026-02-05,RB=F,1.9266
2026-02-06,RB=F,1.9532
2026-02-09,RB=F,1.9855
2026-02-10,RB=F,1.9592
2026-02-11,RB=F,1.9789
2026-02-12,RB=F,1.9159
2026-02-13,RB=F,1.911
2026-02-17,RB=F,1.9144
2026-02-18,RB=F,1.968
2026-02-19,RB=F,2.0066
2026-02-20,RB=F,1.9973
2026-02-23,RB=F,1.9892
2026-02-24,RB=F,1.9714
2026-02-25,RB=F,1.9914
2026-02-26,RB=F,2.0323
2026-02-27,RB=F,2.0779
2026-03-02,RB=F,2.3706
2026-03-03,RB=F,2.4574
2026-03-04,RB=F,2.5149
2026-03-05,RB=F,2.6709
2026-03-06,RB=F,2.7466
2026-03-09,RB=F,2.8084
2026-03-10,RB=F,2.6403
2026-03-11,RB=F,2.7883
2026-03-12,RB=F,2.9646
2026-03-13,RB=F,3.0414
2026-03-16,RB=F,3.0003
2026-03-17,RB=F,3.1234
2026-03-18,RB=F,3.0985
2026-03-19,RB=F,3.1271
2026-03-20,RB=F,3.2862
2026-03-23,RB=F,2.9749
2026-03-24,RB=F,3.148
2026-03-25,RB=F,3.0124
2026-03-26,RB=F,3.1302
2026-03-27,RB=F,3.2501
2026-03-30,RB=F,3.3515
2026-03-31,RB=F,3.3123
2026-04-01,RB=F,3.0914
2026-04-02,RB=F,3.288
2026-04-06,RB=F,3.3082
2026-04-07,RB=F,3.3052
2026-04-08,RB=F,3.0059
2026-04-09,RB=F,3.0007
2026-04-10,RB=F,3.0373
2026-04-13,RB=F,3.116
2026-04-14,RB=F,3.0395
2026-04-15,RB=F,3.0692
2026-04-16,RB=F,3.1637
2026-04-17,RB=F,3.0048
2026-04-20,RB=F,3.1168
2026-04-21,RB=F,3.2098
2026-04-22,RB=F,3.3579
2026-04-23,RB=F,3.4621
2026-04-24,RB=F,3.4626
2026-04-27,RB=F,3.491
2026-04-28,RB=F,3.5604
2026-04-29,RB=F,3.7411
2026-04-30,RB=F,3.7715
2026-05-01,RB=F,3.5952
2026-05-04,RB=F,3.7382
2026-05-05,RB=F,3.6206
2026-05-06,RB=F,3.4593
2026-05-07,RB=F,3.456
2026-05-08,RB=F,3.5267
2026-05-11,RB=F,3.5998
2026-05-12,RB=F,3.6977
2026-05-13,RB=F,3.6187
2026-05-14,RB=F,3.6057
2026-05-15,RB=F,3.7019
2026-05-18,RB=F,3.7607
2026-05-19,RB=F,3.6962
2026-05-20,RB=F,3.4874
2026-05-21,RB=F,3.3796
2026-05-22,RB=F,3.4539
2026-05-26,RB=F,3.2205
2026-05-27,RB=F,3.1337
2026-05-28,RB=F,3.1852
2026-05-29,RB=F,3.1267
2026-06-01,RB=F,3.0847
2026-06-02,RB=F,3.1443
2026-06-03,RB=F,3.1316
2026-06-04,RB=F,3.0383
2026-06-05,RB=F,3.0459
2026-06-08,RB=F,3.0706
2026-06-09,RB=F,3.0211
2026-06-10,RB=F,3.1099
2026-06-11,RB=F,3.1014
2026-06-12,RB=F,3.0498
2026-06-15,RB=F,2.9472
2026-06-16,RB=F,2.8805
2026-06-17,RB=F,2.9096
2026-06-18,RB=F,2.9949
2026-06-22,RB=F,2.987
2026-06-23,RB=F,2.959
2026-06-24,RB=F,2.8818
2026-06-25,RB=F,3.0273
2026-06-26,RB=F,2.9571
2026-06-29,RB=F,3.0614
2026-06-30,RB=F,3.0144
2026-07-01,RB=F,2.9452
2026-07-02,RB=F,2.9173
2026-07-06,RB=F,3.0033
2026-07-07,RB=F,2.9539
2026-07-08,RB=F,3.1034
2026-07-09,RB=F,3.0387
2026-07-10,RB=F,2.9846
2026-07-13,RB=F,3.1663
2026-07-14,RB=F,3.2273
2026-07-15,RB=F,3.3009
2026-07-16,RB=F,3.2847
2026-07-17,RB=F,3.3927
2026-07-20,RB=F,3.389
2026-07-21,RB=F,3.4059
2026-07-22,RB=F,3.4147
2026-07-23,RB=F,3.4964
2026-07-24,RB=F,3.3959
2026-07-27,RB=F,3.3273
2026-07-28,RB=F,3.3345
2026-07-29,RB=F,3.3978
2026-07-30,RB=F,3.2847
2026-07-31,RB=F,3.2216
2026-08-03,RB=F,2.9667
2026-08-04,RB=F,2.8522
2026-08-05,RB=F,2.8388
2026-08-06,RB=F,2.9385
2026-08-07,RB=F,2.9853
2026-08-10,RB=F,3.1354
2026-08-11,RB=F,3.1366
2026-08-12,RB=F,3.1537
2026-08-13,RB=F,3.128
2026-08-14,RB=F,3.1841
2026-08-17,RB=F,3.2701
2026-08-18,RB=F,3.3017
2026-08-19,RB=F,3.2551
2026-08-20,RB=F,3.2629
2026-08-21,RB=F,3.3479
2026-08-24,RB=F,3.2708
2026-08-25,RB=F,3.2529
2026-08-26,RB=F,3.3201
2026-08-27,RB=F,3.3842
2026-08-28,RB=F,3.4899
2026-08-31,RB=F,3.437
2026-09-01,RB=F,3.1351
2026-09-02,RB=F,3.1038
2026-09-03,RB=F,3.1349
2026-09-04,RB=F,3.2146
2026-09-08,RB=F,3.2525
2026-09-09,RB=F,3.2106
2026-09-10,RB=F,3.3932
2026-09-11,RB=F,3.3072
2026-09-14,RB=F,3.3171
2026-09-15,RB=F,3.4652
2026-09-16,RB=F,3.485
2026-09-17,RB=F,3.5073
2026-09-18,RB=F,3.5276
2026-09-21,RB=F,3.4699
2026-09-22,RB=F,3.4875
2026-09-23,RB=F,3.587
2026-09-24,RB=F,3.5646
2026-09-25,RB=F,3.3934
2026-09-28,RB=F,3.3377
2026-09-29,RB=F,3.2782
2026-09-30,RB=F,3.1894
